Path,Lines,Bytes,PartialPet
"desktop-pet/SelfTestRunner.cs","6939","377347","false"
"desktop-pet/Tests/CoreBehaviorTests.cs","3186","148048","false"
"desktop-pet/Features/StickyNotes/PetStickyWindowCoordinator.cs","2938","132336","true"
"desktop-pet/Tests/InputAnimationBoundaryTests.cs","2608","138554","false"
"desktop-pet/Features/StickyNotes/StickyNoteWpf.cs","2365","104570","false"
"desktop-pet/Features/StickyNotes/StickyNoteTabs.cs","1750","71582","false"
"desktop-pet/Features/StickyNotes/PetStickyDockCoordinator.cs","1707","79332","true"
"desktop-pet/PennySelfTests.cs","1699","84999","false"
"desktop-pet/PetArt.cs","1399","63465","false"
"desktop-pet/StickyWindowSession.cs","1198","51287","false"
"desktop-pet/Features/StickyNotes/StickyNotes.cs","1094","42544","false"
"desktop-pet/Features/StickyNotes/StickyNoteRepository.cs","977","39192","false"
"desktop-pet/StickyUiHost.cs","962","44144","false"
"desktop-pet/Features/StickyNotes/StickyUiCommand.cs","867","35617","false"
"desktop-pet/PetForm.cs","813","36462","true"
"desktop-pet/Tests/DisplayTopologyTests.cs","764","34611","false"
"desktop-pet/Features/StickyNotes/StickyEditorCoordinator.cs","589","24685","false"
"desktop-pet/PetAnimationRuntime.cs","584","22665","true"
"desktop-pet/PetDisplayRuntime.cs","577","20710","true"
"desktop-pet/Core/StickyNotes/StickyNoteModels.cs","571","23732","false"
"desktop-pet/Core/StickyNotes/StickyNoteCodec.cs","544","25362","false"
"desktop-pet/Features/StickyNotes/StickyNativeWindowBehavior.cs","513","22266","false"
"desktop-pet/Features/StickyNotes/StickyTodoCoordinator.cs","468","20110","false"
"desktop-pet/DailyContentSettingsForm.cs","464","18126","false"
"desktop-pet/PetBubbleCoordinator.cs","416","15613","true"
"desktop-pet/Core/StickyNotes/StickyDockGeometry.cs","404","16216","false"
"desktop-pet/Core/Settings/PetSettingsCodec.cs","400","17647","false"
"desktop-pet/ReminderUi.cs","365","14188","false"
"desktop-pet/Tests/DynamicNDisplayPropertyTests.cs","362","15512","false"
"desktop-pet/Core/StickyNotes/StickyImportMergePlanner.cs","361","15026","false"
"desktop-pet/PetReminderWindowsCoordinator.cs","343","14536","true"
"desktop-pet/Features/StickyNotes/PetPersistenceCoordinator.cs","333","15475","true"
"desktop-pet/Core/Reminders/ReminderModels.cs","332","11704","false"
"desktop-pet/Features/StickyNotes/StickyScheduleCoordinator.cs","312","13006","false"
"desktop-pet/Features/KeyboardOverlay/KeyboardOverlayForm.cs","309","12213","false"
"desktop-pet/Core/StickyNotes/StickyImportBackupValidator.cs","308","12911","false"
"desktop-pet/Core/Display/DockPlacementPlanner.cs","297","13573","false"
"desktop-pet/PetMenuActions.cs","277","12150","true"
"desktop-pet/Core/Persona/PetPersonaEntry.cs","274","13392","false"
"desktop-pet/Core/StickyNotes/StickyDockOperations.cs","268","11198","false"
"desktop-pet/Infrastructure/Display/WindowsDisplayTopologyProvider.cs","257","11122","false"
"desktop-pet/Core/DailyContent/Almanac/AlmanacWordingCatalog.cs","255","11793","false"
"desktop-pet/Features/StickyNotes/StickyAppearanceDialog.cs","248","9604","false"
"desktop-pet/Tests/PetDisplayPlacementTests.cs","243","9457","false"
"desktop-pet/Tests/DynamicNDisplayScenarioFactory.cs","235","8857","false"
"desktop-pet/StickyUiThreadHost.cs","234","8815","false"
"desktop-pet/Infrastructure/Display/NativeDisplayConfig.cs","231","8065","false"
"desktop-pet/Infrastructure/Display/DisplayTopologyRuntime.cs","231","8976","false"
"desktop-pet/Core/DailyContent/Almanac/AlmanacDailySelector.cs","226","9207","false"
"desktop-pet/ContactAuthorForm.cs","223","8260","false"
"desktop-pet/SpeechBubbleForm.cs","222","9229","false"
"desktop-pet/Features/StickyNotes/StickyLinkCoordinator.cs","216","8774","false"
"desktop-pet/Infrastructure/Weather/PetWeatherSource.cs","210","7848","false"
"desktop-pet/Core/Animation/PetAnimationController.cs","203","8125","false"
"desktop-pet/PetSettings.cs","199","7658","false"
"desktop-pet/Features/KeyboardOverlay/PetKeyboardOverlayCoordinator.cs","189","7581","true"
"desktop-pet/WeatherLocationDialog.cs","186","7240","false"
"desktop-pet/ApplicationDiagnostics.cs","182","6994","false"
"desktop-pet/Core/Display/StickyPlacementMath.cs","178","8515","false"
"desktop-pet/ScheduleItemDialog.cs","177","7249","false"
"desktop-pet/Infrastructure/Weather/OpenMeteoForecastParser.cs","177","7650","false"
"desktop-pet/LayeredSpriteRenderer.cs","174","6994","false"
"desktop-pet/PetStartupCoordinator.cs","172","6418","true"
"desktop-pet/Core/StickyNotes/SideTabMetrics.cs","171","6284","false"
"desktop-pet/StartupLoadingForm.cs","171","6818","false"
"desktop-pet/Core/DailyContent/DailyBriefingComposer.cs","168","7233","false"
"desktop-pet/Core/Messaging/PetSentenceEndingPolicy.cs","165","6362","false"
"desktop-pet/Infrastructure/Display/WindowsDisplayResolver.cs","158","5599","false"
"desktop-pet/Features/StickyNotes/StickyReminderCoordinator.cs","158","5901","false"
"desktop-pet/Core/DailyContent/Weather/WeatherWordingCatalog.cs","157","5967","false"
"desktop-pet/Features/StickyNotes/DockWindowFacts.cs","156","5342","false"
"desktop-pet/Tests/SideTabProjectionTests.cs","155","6095","false"
"desktop-pet/Features/KeyboardOverlay/SensitiveInputDetector.cs","153","6058","false"
"desktop-pet/Features/KeyboardOverlay/GlobalKeyboardActivity.cs","152","6126","false"
"desktop-pet/Core/Display/PetPlacementPolicy.cs","150","5284","false"
"desktop-pet/Core/Display/DisplayTopologyModels.cs","149","6332","false"
"desktop-pet/Core/Display/DisplayGeometry.cs","147","5439","false"
"desktop-pet/PetDailyContentCoordinator.cs","146","7007","false"
"desktop-pet/Features/KeyboardOverlay/KeyboardInputFormatter.cs","142","5842","false"
"desktop-pet/Features/StickyNotes/StickyLinkService.cs","142","5645","false"
"desktop-pet/Features/StickyNotes/StickyPlacementRuntime.cs","140","5502","false"
"desktop-pet/PetContextMenu.cs","135","6499","false"
"desktop-pet/Core/DailyContent/ZodiacDailyCatalog.cs","131","10449","false"
"desktop-pet/Features/StickyNotes/StickyHostedRuntime.cs","130","4343","false"
"desktop-pet/Core/Calendar/SolarTermCalculator.cs","128","5392","false"
"desktop-pet/Features/KeyboardOverlay/KeyboardFocusSnapshot.cs","127","4719","false"
"desktop-pet/ScaleDialog.cs","124","4599","false"
"desktop-pet/Tests/SideTabEdgeLayoutTests.cs","123","5167","false"
"desktop-pet/Core/Display/DisplayTopologyRules.cs","123","5723","false"
"desktop-pet/StartupLoadingThreadHost.cs","122","4133","false"
"desktop-pet/PetSmallTalkCoordinator.cs","119","4624","false"
"desktop-pet/Program.cs","118","5156","false"
"desktop-pet/Core/DailyContent/CuratedDailyLineCatalog.cs","117","10170","false"
"desktop-pet/Core/Settings/PetSettingsData.cs","109","4722","false"
"desktop-pet/Tests/StickySessionTopologyContractTests.cs","107","4703","false"
"desktop-pet/Infrastructure/SelfTestCommandRouter.cs","106","4824","false"
"desktop-pet/Core/Interaction/PetDailyInteractionLedger.cs","106","3721","false"
"desktop-pet/Tests/DockMixedDpiResizeTests.cs","102","3825","false"
"desktop-pet/PetHoverRuntime.cs","99","3277","true"
"desktop-pet/Tests/StickyDockRestoreBoundaryTests.cs","97","5640","false"
"desktop-pet/Core/StickyNotes/StickyPlacementRules.cs","95","4091","false"
"desktop-pet/DockPulseIndicator.cs","94","3203","false"
"desktop-pet/Tests/DisplayRuntimeArchitectureGuardTests.cs","94","3386","false"
"desktop-pet/PetWindowLayerCoordinator.cs","90","3021","false"
"desktop-pet/Tests/DockZOrderContractTests.cs","90","3788","false"
"desktop-pet/Infrastructure/Weather/OpenMeteoGeocodingClient.cs","89","3171","false"
"desktop-pet/Tests/SideTabCompactMetricsTests.cs","88","3075","false"
"desktop-pet/Tests/DockDragLifecycleContractTests.cs","86","4230","false"
"desktop-pet/Features/StickyNotes/StickyAppearanceCoordinator.cs","82","3458","false"
"desktop-pet/Features/StickyNotes/StickyNoteLinks.cs","81","3104","false"
"desktop-pet/PennyApplicationHost.cs","81","3195","false"
"desktop-pet/Core/DailyContent/PetBirthdayRule.cs","79","2988","false"
"desktop-pet/Infrastructure/Display/WindowsWindowPlacementExecutor.cs","79","3137","false"
"desktop-pet/Core/Display/DisplayPlacementModels.cs","78","3093","false"
"desktop-pet/Core/Art/PetArtRules.cs","78","3111","false"
"desktop-pet/Features/StickyNotes/StickyLinkPolicy.cs","77","3143","false"
"desktop-pet/PetDaypartCheckInCoordinator.cs","76","3225","false"
"desktop-pet/Infrastructure/Weather/OpenMeteoForecastClient.cs","76","2762","false"
"desktop-pet/Tests/CoreArchitectureTests.cs","76","2767","false"
"desktop-pet/Core/DailyContent/Weather/WeatherLocation.cs","76","2657","false"
"desktop-pet/Core/DailyContent/DailyContentRules.cs","74","2419","false"
"desktop-pet/Core/DailyContent/Almanac/AlmanacSemanticCatalog.cs","73","2853","false"
"desktop-pet/Core/Display/DockInteractionState.cs","72","4434","false"
"desktop-pet/Features/Art/PetArtFrameRenderer.cs","68","2981","false"
"desktop-pet/Infrastructure/CommandLineArguments.cs","67","2121","false"
"desktop-pet/Core/StickyNotes/StickyTabDropSession.cs","64","1820","false"
"desktop-pet/Tests/PetSettingsPlacementCodecTests.cs","64","2568","false"
"desktop-pet/Core/Display/StickySpawnPolicy.cs","64","3152","false"
"desktop-pet/Core/Reminders/PetReminderCoordinator.cs","64","1787","false"
"desktop-pet/Core/Display/FallbackDisplayPolicy.cs","62","2416","false"
"desktop-pet/Core/DailyContent/PetBirthdayWordingCatalog.cs","60","1994","false"
"desktop-pet/Core/Keyboard/KeyDisplayAccumulator.cs","59","1878","false"
"desktop-pet/Core/Persona/PetSolarTermAttachmentCatalog.cs","58","2078","false"
"desktop-pet/Infrastructure/Display/WindowsDisplayContext.cs","57","2274","false"
"desktop-pet/Infrastructure/Display/WindowsWindowFactsReader.cs","57","2538","false"
"desktop-pet/Infrastructure/Display/WindowsBatchWindowPlacementExecutor.cs","57","2283","false"
"desktop-pet/PetDailyInteractionRuntime.cs","57","1999","true"
"desktop-pet/Tests/WindowFactsVersionRulesTests.cs","56","2990","false"
"desktop-pet/StartupRegistration.cs","56","1987","false"
"desktop-pet/Tests/StickyHostedRuntimeLeaseTests.cs","56","2143","false"
"desktop-pet/Core/DailyContent/Weather/WeatherDaySummary.cs","51","2443","false"
"desktop-pet/Tests/StickyDockRestoreCommandTests.cs","50","1891","false"
"desktop-pet/Core/DailyContent/DailyBriefingContent.cs","49","1917","false"
"desktop-pet/Core/Messaging/PetMessagePolicy.cs","47","1816","false"
"desktop-pet/Infrastructure/EmbeddedAssemblyResolver.cs","47","1623","false"
"desktop-pet/Infrastructure/Persistence/PersistenceResult.cs","46","1255","false"
"desktop-pet/Core/Art/PetArtManifest.cs","45","1629","false"
"desktop-pet/Core/DailyContent/Weather/WeatherMeaningRules.cs","45","2112","false"
"desktop-pet/Core/DailyContent/PetDaypartRule.cs","44","1214","false"
"desktop-pet/Core/Animation/ArtPreloadReservations.cs","44","1322","false"
"desktop-pet/Core/Display/WindowFactsVersionRules.cs","42","1823","false"
"desktop-pet/Core/Messaging/BubbleReadingDurationRules.cs","42","1209","false"
"desktop-pet/Core/Interaction/PetSmallTalkPolicy.cs","41","1486","false"
"desktop-pet/Core/Keyboard/PetKeyboardPrivacyPolicy.cs","40","1259","false"
"desktop-pet/Core/Interaction/PetHoverStabilityRules.cs","40","1449","false"
"desktop-pet/Features/StickyNotes/StickyBackupFileReader.cs","39","1491","false"
"desktop-pet/Features/Art/AnimationClip.cs","39","989","false"
"desktop-pet/Tests/DockTopologyReprojectPolicyTests.cs","38","2025","false"
"desktop-pet/Infrastructure/ArtCommandRouter.cs","38","1259","false"
"desktop-pet/Core/Interaction/PetPokeBurstTracker.cs","37","1070","false"
"desktop-pet/Core/Calendar/Almanac/AlmanacDayInfo.cs","36","1074","false"
"desktop-pet/Core/DailyContent/DailyContentPreferencesSnapshot.cs","36","1601","false"
"desktop-pet/ReverseEngineeringEasterEgg.cs","36","1290","false"
"desktop-pet/Features/KeyboardOverlay/KeyboardInputEventArgs.cs","33","1058","false"
"desktop-pet/Core/StickyNotes/SideTabSnapshot.cs","33","1113","false"
"desktop-pet/Core/DailyContent/ZodiacDailySelector.cs","33","1156","false"
"desktop-pet/Core/DailyContent/Weather/WeatherForecastWindow.cs","32","1058","false"
"desktop-pet/Core/Calendar/SolarTerm.cs","31","563","false"
"desktop-pet/WpfApplicationHost.cs","31","906","false"
"desktop-pet/Tests/StickyManagerDeleteContractTests.cs","30","1382","false"
"desktop-pet/Core/Settings/PetSettingRules.cs","28","756","false"
"desktop-pet/Core/Calendar/Almanac/AlmanacCalculator.cs","28","696","false"
"desktop-pet/Infrastructure/Display/DisplayDiagnostics.cs","28","925","false"
"desktop-pet/Core/DailyContent/Almanac/AlmanacDailySelection.cs","27","886","false"
"desktop-pet/Tests/PetContextMenuStickyActionTests.cs","27","1235","false"
"desktop-pet/Infrastructure/Persistence/WindowsDataPaths.cs","26","548","false"
"desktop-pet/Features/StickyNotes/UnsupportedStickySchemaException.cs","24","784","false"
"desktop-pet/PennyPet.SelfTestsProgram.cs","23","623","false"
"desktop-pet/Core/Calendar/SolarTermInfo.cs","22","572","false"
"desktop-pet/Core/DailyContent/DailyLineEntry.cs","21","571","false"
"desktop-pet/Core/DailyContent/ZodiacSign.cs","20","329","false"
"desktop-pet/Core/DailyContent/Almanac/AlmanacTopic.cs","19","346","false"
"desktop-pet/Core/DailyContent/Weather/WeatherMeaning.cs","19","295","false"
"desktop-pet/Core/DailyContent/Weather/WeatherDailySelection.cs","18","470","false"
"desktop-pet/Core/DailyContent/CuratedDailyLineSelector.cs","18","512","false"
"desktop-pet/PennyPet.ToolsProgram.cs","17","390","false"
"desktop-pet/PennyPet.AppProgram.cs","17","339","false"
"desktop-pet/Core/Messaging/PetMessageKind.cs","15","227","false"
"desktop-pet/Core/DailyContent/DayPart.cs","12","148","false"
"desktop-pet/Core/Startup/PetStartupRules.cs","12","243","false"
"desktop-pet/Core/Animation/PetInteractionAnimationKind.cs","11","157","false"
"desktop-pet/AssemblyInfo.cs","11","438","false"
