Field,File,Line,Method,Receiver,Operation,Context,Evidence
"DisplayId","desktop-pet/Features/StickyNotes/PetStickyWindowCoordinator.cs","148","CommitExpandedPreferred","note","READ","Pet canonical / UI projection (inspect receiver)","note.DisplayId ?? String.Empty)"
"PreferredDisplayTargetKey","desktop-pet/Features/StickyNotes/PetStickyWindowCoordinator.cs","151","CommitExpandedPreferred","note","READ","Pet canonical / UI projection (inspect receiver)","surface, note.PreferredDisplayTargetKey);"
"LocalLogicalX","desktop-pet/Features/StickyNotes/PetStickyWindowCoordinator.cs","153","CommitExpandedPreferred","note","READ","Pet canonical / UI projection (inspect receiver)","note.LocalLogicalX, note.LocalLogicalY,"
"LocalLogicalY","desktop-pet/Features/StickyNotes/PetStickyWindowCoordinator.cs","153","CommitExpandedPreferred","note","READ","Pet canonical / UI projection (inspect receiver)","note.LocalLogicalX, note.LocalLogicalY,"
"LocalLogicalWidth","desktop-pet/Features/StickyNotes/PetStickyWindowCoordinator.cs","154","CommitExpandedPreferred","note","READ","Pet canonical / UI projection (inspect receiver)","note.LocalLogicalWidth, note.LocalLogicalHeight,"
"LocalLogicalHeight","desktop-pet/Features/StickyNotes/PetStickyWindowCoordinator.cs","154","CommitExpandedPreferred","note","READ","Pet canonical / UI projection (inspect receiver)","note.LocalLogicalWidth, note.LocalLogicalHeight,"
"X","desktop-pet/Features/StickyNotes/PetStickyWindowCoordinator.cs","370","ApplyLegacySpawnFallback","note","WRITE","Pet canonical / UI projection (inspect receiver)","note.X = centered.Left;"
"Y","desktop-pet/Features/StickyNotes/PetStickyWindowCoordinator.cs","371","ApplyLegacySpawnFallback","note","WRITE","Pet canonical / UI projection (inspect receiver)","note.Y = centered.Top;"
"Width","desktop-pet/Features/StickyNotes/PetStickyWindowCoordinator.cs","372","ApplyLegacySpawnFallback","note","WRITE","Pet canonical / UI projection (inspect receiver)","note.Width = centered.Width;"
"Height","desktop-pet/Features/StickyNotes/PetStickyWindowCoordinator.cs","373","ApplyLegacySpawnFallback","note","WRITE","Pet canonical / UI projection (inspect receiver)","note.Height = centered.Height;"
"LocalLogicalX","desktop-pet/Features/StickyNotes/PetStickyWindowCoordinator.cs","393","TraceSpawnPlacement","note","READ","Pet canonical / UI projection (inspect receiver)",""" logical=("" + note.LocalLogicalX + "","" +"
"LocalLogicalY","desktop-pet/Features/StickyNotes/PetStickyWindowCoordinator.cs","394","TraceSpawnPlacement","note","READ","Pet canonical / UI projection (inspect receiver)","note.LocalLogicalY + "","" + note.LocalLogicalWidth + "","" +"
"LocalLogicalWidth","desktop-pet/Features/StickyNotes/PetStickyWindowCoordinator.cs","394","TraceSpawnPlacement","note","READ","Pet canonical / UI projection (inspect receiver)","note.LocalLogicalY + "","" + note.LocalLogicalWidth + "","" +"
"LocalLogicalHeight","desktop-pet/Features/StickyNotes/PetStickyWindowCoordinator.cs","395","TraceSpawnPlacement","note","READ","Pet canonical / UI projection (inspect receiver)","note.LocalLogicalHeight + "")"" +"
"X","desktop-pet/Features/StickyNotes/PetStickyWindowCoordinator.cs","396","TraceSpawnPlacement","note","READ","Pet canonical / UI projection (inspect receiver)",""" physical=("" + note.X + "","" + note.Y + "","" +"
"Y","desktop-pet/Features/StickyNotes/PetStickyWindowCoordinator.cs","396","TraceSpawnPlacement","note","READ","Pet canonical / UI projection (inspect receiver)",""" physical=("" + note.X + "","" + note.Y + "","" +"
"Width","desktop-pet/Features/StickyNotes/PetStickyWindowCoordinator.cs","397","TraceSpawnPlacement","note","READ","Pet canonical / UI projection (inspect receiver)","note.Width + "","" + note.Height + "")"" +"
"Height","desktop-pet/Features/StickyNotes/PetStickyWindowCoordinator.cs","397","TraceSpawnPlacement","note","READ","Pet canonical / UI projection (inspect receiver)","note.Width + "","" + note.Height + "")"" +"
"PreferredDisplayTargetKey","desktop-pet/Features/StickyNotes/PetStickyWindowCoordinator.cs","614","ReconcileDockGroup","root","READ","Pet canonical / UI projection (inspect receiver)","root.PreferredDisplayTargetKey,"
"PreferredDisplayTargetKey","desktop-pet/Features/StickyNotes/PetStickyWindowCoordinator.cs","633","FindCommonDockPreferredSurface","member","READ","Pet canonical / UI projection (inspect receiver)","member.PreferredDisplayTargetKey) ||"
"PreferredLocalLogicalWidth","desktop-pet/Features/StickyNotes/PetStickyWindowCoordinator.cs","634","FindCommonDockPreferredSurface","member","READ","Pet canonical / UI projection (inspect receiver)","member.PreferredLocalLogicalWidth <= 0 ||"
"PreferredLocalLogicalHeight","desktop-pet/Features/StickyNotes/PetStickyWindowCoordinator.cs","635","FindCommonDockPreferredSurface","member","READ","Pet canonical / UI projection (inspect receiver)","member.PreferredLocalLogicalHeight <= 0)"
"PreferredDisplayTargetKey","desktop-pet/Features/StickyNotes/PetStickyWindowCoordinator.cs","638","FindCommonDockPreferredSurface","member","READ","Pet canonical / UI projection (inspect receiver)","member.PreferredDisplayTargetKey);"
"LocalLogicalX","desktop-pet/Features/StickyNotes/PetStickyWindowCoordinator.cs","660","TryBuildDockTopologyLogicalState","root","READ","Pet canonical / UI projection (inspect receiver)","int rootX = usePreferred ? root.PreferredLocalLogicalX : root.LocalLogicalX;"
"PreferredLocalLogicalX","desktop-pet/Features/StickyNotes/PetStickyWindowCoordinator.cs","660","TryBuildDockTopologyLogicalState","root","READ","Pet canonical / UI projection (inspect receiver)","int rootX = usePreferred ? root.PreferredLocalLogicalX : root.LocalLogicalX;"
"LocalLogicalY","desktop-pet/Features/StickyNotes/PetStickyWindowCoordinator.cs","661","TryBuildDockTopologyLogicalState","root","READ","Pet canonical / UI projection (inspect receiver)","int rootY = usePreferred ? root.PreferredLocalLogicalY : root.LocalLogicalY;"
"PreferredLocalLogicalY","desktop-pet/Features/StickyNotes/PetStickyWindowCoordinator.cs","661","TryBuildDockTopologyLogicalState","root","READ","Pet canonical / UI projection (inspect receiver)","int rootY = usePreferred ? root.PreferredLocalLogicalY : root.LocalLogicalY;"
"LocalLogicalWidth","desktop-pet/Features/StickyNotes/PetStickyWindowCoordinator.cs","662","TryBuildDockTopologyLogicalState","root","READ","Pet canonical / UI projection (inspect receiver)","int unifiedWidth = usePreferred ? root.PreferredLocalLogicalWidth : root.LocalLogicalWidth;"
"PreferredLocalLogicalWidth","desktop-pet/Features/StickyNotes/PetStickyWindowCoordinator.cs","662","TryBuildDockTopologyLogicalState","root","READ","Pet canonical / UI projection (inspect receiver)","int unifiedWidth = usePreferred ? root.PreferredLocalLogicalWidth : root.LocalLogicalWidth;"
"LocalLogicalWidth","desktop-pet/Features/StickyNotes/PetStickyWindowCoordinator.cs","668","TryBuildDockTopologyLogicalState","member","READ","Pet canonical / UI projection (inspect receiver)","int memberWidth = usePreferred ? member.PreferredLocalLogicalWidth : member.LocalLogicalWidth;"
"PreferredLocalLogicalWidth","desktop-pet/Features/StickyNotes/PetStickyWindowCoordinator.cs","668","TryBuildDockTopologyLogicalState","member","READ","Pet canonical / UI projection (inspect receiver)","int memberWidth = usePreferred ? member.PreferredLocalLogicalWidth : member.LocalLogicalWidth;"
"LocalLogicalHeight","desktop-pet/Features/StickyNotes/PetStickyWindowCoordinator.cs","669","TryBuildDockTopologyLogicalState","member","READ","Pet canonical / UI projection (inspect receiver)","int memberHeight = usePreferred ? member.PreferredLocalLogicalHeight : member.LocalLogicalHeight;"
"PreferredLocalLogicalHeight","desktop-pet/Features/StickyNotes/PetStickyWindowCoordinator.cs","669","TryBuildDockTopologyLogicalState","member","READ","Pet canonical / UI projection (inspect receiver)","int memberHeight = usePreferred ? member.PreferredLocalLogicalHeight : member.LocalLogicalHeight;"
"PreferredDisplayTargetKey","desktop-pet/Features/StickyNotes/PetStickyWindowCoordinator.cs","855","ReconcileStandaloneSticky","note","READ","Pet canonical / UI projection (inspect receiver)","!String.IsNullOrWhiteSpace(note.PreferredDisplayTargetKey) &&"
"PreferredLocalLogicalWidth","desktop-pet/Features/StickyNotes/PetStickyWindowCoordinator.cs","856","ReconcileStandaloneSticky","note","READ","Pet canonical / UI projection (inspect receiver)","note.PreferredLocalLogicalWidth > 0 &&"
"PreferredLocalLogicalHeight","desktop-pet/Features/StickyNotes/PetStickyWindowCoordinator.cs","857","ReconcileStandaloneSticky","note","READ","Pet canonical / UI projection (inspect receiver)","note.PreferredLocalLogicalHeight > 0;"
"PreferredDisplayTargetKey","desktop-pet/Features/StickyNotes/PetStickyWindowCoordinator.cs","859","ReconcileStandaloneSticky","note","READ","Pet canonical / UI projection (inspect receiver)","? snapshot.FindByTargetKey(note.PreferredDisplayTargetKey)"
"PreferredLocalLogicalX","desktop-pet/Features/StickyNotes/PetStickyWindowCoordinator.cs","872","ReconcileStandaloneSticky","note","READ","Pet canonical / UI projection (inspect receiver)","note.PreferredLocalLogicalX,"
"PreferredLocalLogicalY","desktop-pet/Features/StickyNotes/PetStickyWindowCoordinator.cs","873","ReconcileStandaloneSticky","note","READ","Pet canonical / UI projection (inspect receiver)","note.PreferredLocalLogicalY,"
"PreferredLocalLogicalWidth","desktop-pet/Features/StickyNotes/PetStickyWindowCoordinator.cs","874","ReconcileStandaloneSticky","note","READ","Pet canonical / UI projection (inspect receiver)","note.PreferredLocalLogicalWidth,"
"PreferredLocalLogicalHeight","desktop-pet/Features/StickyNotes/PetStickyWindowCoordinator.cs","875","ReconcileStandaloneSticky","note","READ","Pet canonical / UI projection (inspect receiver)","note.PreferredLocalLogicalHeight,"
"PreferredDisplayTargetKey","desktop-pet/Features/StickyNotes/PetStickyWindowCoordinator.cs","936","TryBuildTemporaryRehomeTarget","note","READ","Pet canonical / UI projection (inspect receiver)","note.PreferredDisplayTargetKey) ||"
"PreferredLocalLogicalWidth","desktop-pet/Features/StickyNotes/PetStickyWindowCoordinator.cs","937","TryBuildTemporaryRehomeTarget","note","READ","Pet canonical / UI projection (inspect receiver)","note.PreferredLocalLogicalWidth <= 0 ||"
"PreferredLocalLogicalHeight","desktop-pet/Features/StickyNotes/PetStickyWindowCoordinator.cs","938","TryBuildTemporaryRehomeTarget","note","READ","Pet canonical / UI projection (inspect receiver)","note.PreferredLocalLogicalHeight <= 0 ||"
"PreferredDisplayTargetKey","desktop-pet/Features/StickyNotes/PetStickyWindowCoordinator.cs","940","TryBuildTemporaryRehomeTarget","note","READ","Pet canonical / UI projection (inspect receiver)","note.PreferredDisplayTargetKey) != null) return false;"
"PreferredDisplayTargetKey","desktop-pet/Features/StickyNotes/PetStickyWindowCoordinator.cs","942","TryBuildTemporaryRehomeTarget","note","READ","Pet canonical / UI projection (inspect receiver)","note.PreferredDisplayTargetKey,"
"X","desktop-pet/Features/StickyNotes/PetStickyWindowCoordinator.cs","943","TryBuildTemporaryRehomeTarget","note","READ","Pet canonical / UI projection (inspect receiver)","new PhysicalRect(note.X, note.Y, note.Width, note.Height),"
"Y","desktop-pet/Features/StickyNotes/PetStickyWindowCoordinator.cs","943","TryBuildTemporaryRehomeTarget","note","READ","Pet canonical / UI projection (inspect receiver)","new PhysicalRect(note.X, note.Y, note.Width, note.Height),"
"Width","desktop-pet/Features/StickyNotes/PetStickyWindowCoordinator.cs","943","TryBuildTemporaryRehomeTarget","note","READ","Pet canonical / UI projection (inspect receiver)","new PhysicalRect(note.X, note.Y, note.Width, note.Height),"
"Height","desktop-pet/Features/StickyNotes/PetStickyWindowCoordinator.cs","943","TryBuildTemporaryRehomeTarget","note","READ","Pet canonical / UI projection (inspect receiver)","new PhysicalRect(note.X, note.Y, note.Width, note.Height),"
"PreferredLocalLogicalWidth","desktop-pet/Features/StickyNotes/PetStickyWindowCoordinator.cs","948","TryBuildTemporaryRehomeTarget","note","READ","Pet canonical / UI projection (inspect receiver)","note.PreferredLocalLogicalWidth,"
"PreferredLocalLogicalHeight","desktop-pet/Features/StickyNotes/PetStickyWindowCoordinator.cs","949","TryBuildTemporaryRehomeTarget","note","READ","Pet canonical / UI projection (inspect receiver)","note.PreferredLocalLogicalHeight,"
"PreferredDisplayTargetKey","desktop-pet/Features/StickyNotes/PetStickyWindowCoordinator.cs","1092","PostHostedStickyShow","note","READ","Pet canonical / UI projection (inspect receiver)","note.PreferredDisplayTargetKey) != null)"
"PreferredDisplayTargetKey","desktop-pet/Features/StickyNotes/PetStickyWindowCoordinator.cs","1280","HostedStickyEventReceived","canonical","READ","Pet canonical / UI projection (inspect receiver)","value.Topology, canonical.PreferredDisplayTargetKey,"
"PreferredDisplayTargetKey","desktop-pet/Features/StickyNotes/PetStickyWindowCoordinator.cs","1519","CommitHostedStickyPreferred","canonical","WRITE","Pet canonical / UI projection (inspect receiver)","canonical.PreferredDisplayTargetKey = targetKey;"
"PreferredLocalLogicalX","desktop-pet/Features/StickyNotes/PetStickyWindowCoordinator.cs","1520","CommitHostedStickyPreferred","canonical","WRITE","Pet canonical / UI projection (inspect receiver)","canonical.PreferredLocalLogicalX = localX;"
"PreferredLocalLogicalY","desktop-pet/Features/StickyNotes/PetStickyWindowCoordinator.cs","1521","CommitHostedStickyPreferred","canonical","WRITE","Pet canonical / UI projection (inspect receiver)","canonical.PreferredLocalLogicalY = localY;"
"PreferredLocalLogicalWidth","desktop-pet/Features/StickyNotes/PetStickyWindowCoordinator.cs","1522","CommitHostedStickyPreferred","canonical","WRITE","Pet canonical / UI projection (inspect receiver)","canonical.PreferredLocalLogicalWidth = localWidth;"
"PreferredLocalLogicalHeight","desktop-pet/Features/StickyNotes/PetStickyWindowCoordinator.cs","1523","CommitHostedStickyPreferred","canonical","WRITE","Pet canonical / UI projection (inspect receiver)","canonical.PreferredLocalLogicalHeight = localHeight;"
"PreferredDisplayTargetKey","desktop-pet/Features/StickyNotes/PetStickyWindowCoordinator.cs","1536","AdoptPreferredIfEmpty","canonical","READ","Pet canonical / UI projection (inspect receiver)","canonical.PreferredDisplayTargetKey)) return;"
"PreferredDisplayTargetKey","desktop-pet/Features/StickyNotes/PetStickyWindowCoordinator.cs","1550","AdoptPreferredIfEmpty","canonical","WRITE","Pet canonical / UI projection (inspect receiver)","canonical.PreferredDisplayTargetKey = targetKey;"
"PreferredLocalLogicalX","desktop-pet/Features/StickyNotes/PetStickyWindowCoordinator.cs","1551","AdoptPreferredIfEmpty","canonical","WRITE","Pet canonical / UI projection (inspect receiver)","canonical.PreferredLocalLogicalX = local.X;"
"PreferredLocalLogicalY","desktop-pet/Features/StickyNotes/PetStickyWindowCoordinator.cs","1552","AdoptPreferredIfEmpty","canonical","WRITE","Pet canonical / UI projection (inspect receiver)","canonical.PreferredLocalLogicalY = local.Y;"
"PreferredLocalLogicalWidth","desktop-pet/Features/StickyNotes/PetStickyWindowCoordinator.cs","1553","AdoptPreferredIfEmpty","canonical","WRITE","Pet canonical / UI projection (inspect receiver)","canonical.PreferredLocalLogicalWidth = local.Width;"
"PreferredLocalLogicalHeight","desktop-pet/Features/StickyNotes/PetStickyWindowCoordinator.cs","1554","AdoptPreferredIfEmpty","canonical","WRITE","Pet canonical / UI projection (inspect receiver)","canonical.PreferredLocalLogicalHeight = local.Height;"
"PreferredDisplayTargetKey","desktop-pet/Features/StickyNotes/PetStickyWindowCoordinator.cs","1699","TryPrepareDockCommit","canonical","READ","Pet canonical / UI projection (inspect receiver)","canonical.PreferredDisplayTargetKey,"
"Height","desktop-pet/Features/StickyNotes/PetStickyWindowCoordinator.cs","1798","CompleteHostedStickyDockDivider","canonical","WRITE","Pet canonical / UI projection (inspect receiver)","canonical.Height = Math.Max(1, value.Height);"
"PreferredDisplayTargetKey","desktop-pet/Features/StickyNotes/PetStickyWindowCoordinator.cs","2115","HasCompleteDockPreferredGeometry","member","READ","Pet canonical / UI projection (inspect receiver)","member.PreferredDisplayTargetKey) ||"
"PreferredLocalLogicalWidth","desktop-pet/Features/StickyNotes/PetStickyWindowCoordinator.cs","2116","HasCompleteDockPreferredGeometry","member","READ","Pet canonical / UI projection (inspect receiver)","member.PreferredLocalLogicalWidth <= 0 ||"
"PreferredLocalLogicalHeight","desktop-pet/Features/StickyNotes/PetStickyWindowCoordinator.cs","2117","HasCompleteDockPreferredGeometry","member","READ","Pet canonical / UI projection (inspect receiver)","member.PreferredLocalLogicalHeight <= 0)"
"PreferredDisplayTargetKey","desktop-pet/Features/StickyNotes/PetStickyWindowCoordinator.cs","2134","MigrateDockRestorePreferredIfNeeded","member","READ","Pet canonical / UI projection (inspect receiver)","member.PreferredDisplayTargetKey) &&"
"PreferredLocalLogicalWidth","desktop-pet/Features/StickyNotes/PetStickyWindowCoordinator.cs","2135","MigrateDockRestorePreferredIfNeeded","member","READ","Pet canonical / UI projection (inspect receiver)","member.PreferredLocalLogicalWidth > 0 &&"
"PreferredLocalLogicalHeight","desktop-pet/Features/StickyNotes/PetStickyWindowCoordinator.cs","2136","MigrateDockRestorePreferredIfNeeded","member","READ","Pet canonical / UI projection (inspect receiver)","member.PreferredLocalLogicalHeight > 0;"
"PreferredDisplayTargetKey","desktop-pet/Features/StickyNotes/PetStickyWindowCoordinator.cs","2175","TryResolveDockRestoreTarget","root","READ","Pet canonical / UI projection (inspect receiver)","root.PreferredDisplayTargetKey,"
"Width","desktop-pet/Features/StickyNotes/PetStickyWindowCoordinator.cs","2505","TryRestoreHostedDockComponentLegacyFallback","member","READ","Pet canonical / UI projection (inspect receiver)","sizes.Add(new Size(member.Width, member.Height));"
"Height","desktop-pet/Features/StickyNotes/PetStickyWindowCoordinator.cs","2505","TryRestoreHostedDockComponentLegacyFallback","member","READ","Pet canonical / UI projection (inspect receiver)","sizes.Add(new Size(member.Width, member.Height));"
"Width","desktop-pet/Features/StickyNotes/PetStickyWindowCoordinator.cs","2784","IsStripCoveredByVisibleSticky","note","READ","Pet canonical / UI projection (inspect receiver)","if (note.Width <= 0 || note.Height <= 0) continue;"
"Height","desktop-pet/Features/StickyNotes/PetStickyWindowCoordinator.cs","2784","IsStripCoveredByVisibleSticky","note","READ","Pet canonical / UI projection (inspect receiver)","if (note.Width <= 0 || note.Height <= 0) continue;"
"X","desktop-pet/Features/StickyNotes/PetStickyWindowCoordinator.cs","2785","IsStripCoveredByVisibleSticky","note","READ","Pet canonical / UI projection (inspect receiver)","Rectangle noteBounds = new Rectangle(note.X, note.Y,"
"Y","desktop-pet/Features/StickyNotes/PetStickyWindowCoordinator.cs","2785","IsStripCoveredByVisibleSticky","note","READ","Pet canonical / UI projection (inspect receiver)","Rectangle noteBounds = new Rectangle(note.X, note.Y,"
"Width","desktop-pet/Features/StickyNotes/PetStickyWindowCoordinator.cs","2786","IsStripCoveredByVisibleSticky","note","READ","Pet canonical / UI projection (inspect receiver)","note.Width, note.Height);"
"Height","desktop-pet/Features/StickyNotes/PetStickyWindowCoordinator.cs","2786","IsStripCoveredByVisibleSticky","note","READ","Pet canonical / UI projection (inspect receiver)","note.Width, note.Height);"
"LocalLogicalWidth","desktop-pet/Features/StickyNotes/StickyNoteWpf.cs","240","StickyNoteWindow","data","READ","Sticky STA working copy / window effect","Math.Max(1, data.LocalLogicalWidth));"
"LocalLogicalHeight","desktop-pet/Features/StickyNotes/StickyNoteWpf.cs","242","StickyNoteWindow","data","READ","Sticky STA working copy / window effect","Math.Max(1, data.LocalLogicalHeight));"
"X","desktop-pet/Features/StickyNotes/StickyNoteWpf.cs","246","StickyNoteWindow","data","READ","Sticky STA working copy / window effect","base.Left = data.X;"
"Y","desktop-pet/Features/StickyNotes/StickyNoteWpf.cs","247","StickyNoteWindow","data","READ","Sticky STA working copy / window effect","base.Top = data.Y;"
"Width","desktop-pet/Features/StickyNotes/StickyNoteWpf.cs","248","StickyNoteWindow","data","READ","Sticky STA working copy / window effect","base.Width = Math.Max(MinWidth, data.Width);"
"Height","desktop-pet/Features/StickyNotes/StickyNoteWpf.cs","249","StickyNoteWindow","data","READ","Sticky STA working copy / window effect","base.Height = Math.Max(MinHeight, data.Height);"
"X","desktop-pet/Features/StickyNotes/StickyNoteWpf.cs","870","ShowRestoredDocked","Data","WRITE","Sticky STA working copy / window effect","Data.X = bounds.Left;"
"Y","desktop-pet/Features/StickyNotes/StickyNoteWpf.cs","871","ShowRestoredDocked","Data","WRITE","Sticky STA working copy / window effect","Data.Y = bounds.Top;"
"Width","desktop-pet/Features/StickyNotes/StickyNoteWpf.cs","872","ShowRestoredDocked","Data","WRITE","Sticky STA working copy / window effect","Data.Width = bounds.Width;"
"Height","desktop-pet/Features/StickyNotes/StickyNoteWpf.cs","873","ShowRestoredDocked","Data","WRITE","Sticky STA working copy / window effect","Data.Height = bounds.Height;"
"X","desktop-pet/Features/StickyNotes/StickyNoteWpf.cs","900","ShowRestoredAtPhysicalBounds","Data","WRITE","Sticky STA working copy / window effect","Data.X = Left;"
"Y","desktop-pet/Features/StickyNotes/StickyNoteWpf.cs","901","ShowRestoredAtPhysicalBounds","Data","WRITE","Sticky STA working copy / window effect","Data.Y = Top;"
"Width","desktop-pet/Features/StickyNotes/StickyNoteWpf.cs","902","ShowRestoredAtPhysicalBounds","Data","WRITE","Sticky STA working copy / window effect","Data.Width = Width;"
"Height","desktop-pet/Features/StickyNotes/StickyNoteWpf.cs","903","ShowRestoredAtPhysicalBounds","Data","WRITE","Sticky STA working copy / window effect","Data.Height = Height;"
"X","desktop-pet/Features/StickyNotes/StickyNoteWpf.cs","1163","PersistNow","Data","WRITE","Sticky STA working copy / window effect","Data.X = Left;"
"Y","desktop-pet/Features/StickyNotes/StickyNoteWpf.cs","1164","PersistNow","Data","WRITE","Sticky STA working copy / window effect","Data.Y = Top;"
"Width","desktop-pet/Features/StickyNotes/StickyNoteWpf.cs","1165","PersistNow","Data","WRITE","Sticky STA working copy / window effect","Data.Width = Width;"
"Height","desktop-pet/Features/StickyNotes/StickyNoteWpf.cs","1166","PersistNow","Data","WRITE","Sticky STA working copy / window effect","Data.Height = Height;"
"X","desktop-pet/Features/StickyNotes/StickyNoteWpf.cs","1474","EnsureOnScreen","Data","READ","Sticky STA working copy / window effect","new System.Drawing.Point(Data.X, Data.Y)).WorkingArea;"
"Y","desktop-pet/Features/StickyNotes/StickyNoteWpf.cs","1474","EnsureOnScreen","Data","READ","Sticky STA working copy / window effect","new System.Drawing.Point(Data.X, Data.Y)).WorkingArea;"
"X","desktop-pet/Features/StickyNotes/StickyNoteWpf.cs","1475","EnsureOnScreen","Data","READ","Sticky STA working copy / window effect","Left = Math.Max(work.Left, Math.Min(Data.X, work.Right - Width));"
"Y","desktop-pet/Features/StickyNotes/StickyNoteWpf.cs","1476","EnsureOnScreen","Data","READ","Sticky STA working copy / window effect","Top = Math.Max(work.Top, Math.Min(Data.Y, work.Bottom - Height));"
"Width","desktop-pet/Features/StickyNotes/StickyNoteTabs.cs","1418","LoadTypeIconMasks","source","READ","other detached geometry; not automatically StickyNoteData","if (source.Width < 3 || source.Height < 3) return null;"
"Height","desktop-pet/Features/StickyNotes/StickyNoteTabs.cs","1418","LoadTypeIconMasks","source","READ","other detached geometry; not automatically StickyNoteData","if (source.Width < 3 || source.Height < 3) return null;"
"Height","desktop-pet/Features/StickyNotes/StickyNoteTabs.cs","1419","LoadTypeIconMasks","source","READ","other detached geometry; not automatically StickyNoteData","int rowHeight = source.Height / 3;"
"Width","desktop-pet/Features/StickyNotes/StickyNoteTabs.cs","1424","LoadTypeIconMasks","source","READ","other detached geometry; not automatically StickyNoteData","source.Width, row == 2"
"Height","desktop-pet/Features/StickyNotes/StickyNoteTabs.cs","1425","LoadTypeIconMasks","source","READ","other detached geometry; not automatically StickyNoteData","? source.Height - row * rowHeight"
"Width","desktop-pet/Features/StickyNotes/StickyNoteTabs.cs","1464","NormalizeTypeIconMask","source","READ","other detached geometry; not automatically StickyNoteData","int minX = source.Width;"
"Height","desktop-pet/Features/StickyNotes/StickyNoteTabs.cs","1465","NormalizeTypeIconMask","source","READ","other detached geometry; not automatically StickyNoteData","int minY = source.Height;"
"Height","desktop-pet/Features/StickyNotes/StickyNoteTabs.cs","1468","NormalizeTypeIconMask","source","READ","other detached geometry; not automatically StickyNoteData","for (int y = 0; y < source.Height; y++)"
"Width","desktop-pet/Features/StickyNotes/StickyNoteTabs.cs","1470","NormalizeTypeIconMask","source","READ","other detached geometry; not automatically StickyNoteData","for (int x = 0; x < source.Width; x++)"
"Width","desktop-pet/Features/StickyNotes/StickyNoteTabs.cs","1503","NormalizeTypeIconMask","source","READ","other detached geometry; not automatically StickyNoteData","sourceX >= source.Width ||"
"Height","desktop-pet/Features/StickyNotes/StickyNoteTabs.cs","1504","NormalizeTypeIconMask","source","READ","other detached geometry; not automatically StickyNoteData","sourceY >= source.Height) continue;"
"LocalLogicalWidth","desktop-pet/Features/StickyNotes/PetStickyDockCoordinator.cs","467","PlanDockPlan","member","READ","Pet canonical / UI projection (inspect receiver)","if (member.LocalLogicalWidth <= 0 ||"
"LocalLogicalHeight","desktop-pet/Features/StickyNotes/PetStickyDockCoordinator.cs","468","PlanDockPlan","member","READ","Pet canonical / UI projection (inspect receiver)","member.LocalLogicalHeight <= 0) return null;"
"LocalLogicalHeight","desktop-pet/Features/StickyNotes/PetStickyDockCoordinator.cs","471","PlanDockPlan","member","READ","Pet canonical / UI projection (inspect receiver)","member.LocalLogicalHeight));"
"X","desktop-pet/Features/StickyNotes/PetStickyDockCoordinator.cs","662","ApplyDockCanonicalFromPhysical","note","WRITE","Pet canonical / UI projection (inspect receiver)","note.X = target.X;"
"X","desktop-pet/Features/StickyNotes/PetStickyDockCoordinator.cs","662","ApplyDockCanonicalFromPhysical","target","READ","Pet canonical / UI projection (inspect receiver)","note.X = target.X;"
"Y","desktop-pet/Features/StickyNotes/PetStickyDockCoordinator.cs","663","ApplyDockCanonicalFromPhysical","note","WRITE","Pet canonical / UI projection (inspect receiver)","note.Y = target.Y;"
"Y","desktop-pet/Features/StickyNotes/PetStickyDockCoordinator.cs","663","ApplyDockCanonicalFromPhysical","target","READ","Pet canonical / UI projection (inspect receiver)","note.Y = target.Y;"
"Width","desktop-pet/Features/StickyNotes/PetStickyDockCoordinator.cs","664","ApplyDockCanonicalFromPhysical","note","WRITE","Pet canonical / UI projection (inspect receiver)","note.Width = target.Width;"
"Width","desktop-pet/Features/StickyNotes/PetStickyDockCoordinator.cs","664","ApplyDockCanonicalFromPhysical","target","READ","Pet canonical / UI projection (inspect receiver)","note.Width = target.Width;"
"Height","desktop-pet/Features/StickyNotes/PetStickyDockCoordinator.cs","665","ApplyDockCanonicalFromPhysical","note","WRITE","Pet canonical / UI projection (inspect receiver)","note.Height = target.Height;"
"Height","desktop-pet/Features/StickyNotes/PetStickyDockCoordinator.cs","665","ApplyDockCanonicalFromPhysical","target","READ","Pet canonical / UI projection (inspect receiver)","note.Height = target.Height;"
"X","desktop-pet/Features/StickyNotes/PetStickyDockCoordinator.cs","670","ApplyDockCanonicalFromPhysical","target","READ","Pet canonical / UI projection (inspect receiver)","target.X, target.Y,"
"Y","desktop-pet/Features/StickyNotes/PetStickyDockCoordinator.cs","670","ApplyDockCanonicalFromPhysical","target","READ","Pet canonical / UI projection (inspect receiver)","target.X, target.Y,"
"X","desktop-pet/Features/StickyNotes/PetStickyDockCoordinator.cs","671","ApplyDockCanonicalFromPhysical","target","READ","Pet canonical / UI projection (inspect receiver)","target.X + target.Width, target.Y + target.Height);"
"Y","desktop-pet/Features/StickyNotes/PetStickyDockCoordinator.cs","671","ApplyDockCanonicalFromPhysical","target","READ","Pet canonical / UI projection (inspect receiver)","target.X + target.Width, target.Y + target.Height);"
"Width","desktop-pet/Features/StickyNotes/PetStickyDockCoordinator.cs","671","ApplyDockCanonicalFromPhysical","target","READ","Pet canonical / UI projection (inspect receiver)","target.X + target.Width, target.Y + target.Height);"
"Height","desktop-pet/Features/StickyNotes/PetStickyDockCoordinator.cs","671","ApplyDockCanonicalFromPhysical","target","READ","Pet canonical / UI projection (inspect receiver)","target.X + target.Width, target.Y + target.Height);"
"DisplayId","desktop-pet/Features/StickyNotes/PetStickyDockCoordinator.cs","676","ApplyDockCanonicalFromPhysical","metrics","READ","Pet canonical / UI projection (inspect receiver)","metrics.DisplayId, metrics.PhysicalLeft,"
"X","desktop-pet/Features/StickyNotes/PetStickyDockCoordinator.cs","678","ApplyDockCanonicalFromPhysical","target","READ","Pet canonical / UI projection (inspect receiver)","target.X, target.Y, target.Width, target.Height);"
"Y","desktop-pet/Features/StickyNotes/PetStickyDockCoordinator.cs","678","ApplyDockCanonicalFromPhysical","target","READ","Pet canonical / UI projection (inspect receiver)","target.X, target.Y, target.Width, target.Height);"
"Width","desktop-pet/Features/StickyNotes/PetStickyDockCoordinator.cs","678","ApplyDockCanonicalFromPhysical","target","READ","Pet canonical / UI projection (inspect receiver)","target.X, target.Y, target.Width, target.Height);"
"Height","desktop-pet/Features/StickyNotes/PetStickyDockCoordinator.cs","678","ApplyDockCanonicalFromPhysical","target","READ","Pet canonical / UI projection (inspect receiver)","target.X, target.Y, target.Width, target.Height);"
"DisplayId","desktop-pet/Features/StickyNotes/PetStickyDockCoordinator.cs","679","ApplyDockCanonicalFromPhysical","note","WRITE","Pet canonical / UI projection (inspect receiver)","note.DisplayId = placement.DisplayId;"
"DisplayId","desktop-pet/Features/StickyNotes/PetStickyDockCoordinator.cs","679","ApplyDockCanonicalFromPhysical","placement","READ","Pet canonical / UI projection (inspect receiver)","note.DisplayId = placement.DisplayId;"
"LocalLogicalX","desktop-pet/Features/StickyNotes/PetStickyDockCoordinator.cs","680","ApplyDockCanonicalFromPhysical","note","WRITE","Pet canonical / UI projection (inspect receiver)","note.LocalLogicalX = placement.LocalX;"
"LocalLogicalY","desktop-pet/Features/StickyNotes/PetStickyDockCoordinator.cs","681","ApplyDockCanonicalFromPhysical","note","WRITE","Pet canonical / UI projection (inspect receiver)","note.LocalLogicalY = placement.LocalY;"
"LocalLogicalWidth","desktop-pet/Features/StickyNotes/PetStickyDockCoordinator.cs","682","ApplyDockCanonicalFromPhysical","note","WRITE","Pet canonical / UI projection (inspect receiver)","note.LocalLogicalWidth = placement.LocalWidth;"
"LocalLogicalHeight","desktop-pet/Features/StickyNotes/PetStickyDockCoordinator.cs","683","ApplyDockCanonicalFromPhysical","note","WRITE","Pet canonical / UI projection (inspect receiver)","note.LocalLogicalHeight = placement.LocalHeight;"
"X","desktop-pet/Features/StickyNotes/PetStickyDockCoordinator.cs","941","ApplyDockTarget","target","READ","Pet canonical / UI projection (inspect receiver)","target.NoteId, new StickyUiBounds(target.X, target.Y,"
"Y","desktop-pet/Features/StickyNotes/PetStickyDockCoordinator.cs","941","ApplyDockTarget","target","READ","Pet canonical / UI projection (inspect receiver)","target.NoteId, new StickyUiBounds(target.X, target.Y,"
"Width","desktop-pet/Features/StickyNotes/PetStickyDockCoordinator.cs","942","ApplyDockTarget","target","READ","Pet canonical / UI projection (inspect receiver)","target.Width, target.Height)),"
"Height","desktop-pet/Features/StickyNotes/PetStickyDockCoordinator.cs","942","ApplyDockTarget","target","READ","Pet canonical / UI projection (inspect receiver)","target.Width, target.Height)),"
"Height","desktop-pet/Features/StickyNotes/PetStickyDockCoordinator.cs","1009","CanSafelyCombineDockComponents","note","READ","Pet canonical / UI projection (inspect receiver)","? facts.Height : note.Height);"
"Height","desktop-pet/Features/StickyNotes/PetStickyDockCoordinator.cs","1019","CanSafelyCombineDockComponents","note","READ","Pet canonical / UI projection (inspect receiver)","? facts.Height : note.Height);"
"Height","desktop-pet/Features/StickyNotes/PetStickyDockCoordinator.cs","1125","ResizeHostedStickyDockDivider","source","WRITE","Pet canonical / UI projection (inspect receiver)","source.Height = sourceHeight;"
"X","desktop-pet/Features/StickyNotes/PetStickyDockCoordinator.cs","1131","ResizeHostedStickyDockDivider","note","READ","Pet canonical / UI projection (inspect receiver)","if (note.X != target.X || note.Y != target.Y ||"
"X","desktop-pet/Features/StickyNotes/PetStickyDockCoordinator.cs","1131","ResizeHostedStickyDockDivider","target","READ","Pet canonical / UI projection (inspect receiver)","if (note.X != target.X || note.Y != target.Y ||"
"Y","desktop-pet/Features/StickyNotes/PetStickyDockCoordinator.cs","1131","ResizeHostedStickyDockDivider","note","READ","Pet canonical / UI projection (inspect receiver)","if (note.X != target.X || note.Y != target.Y ||"
"Y","desktop-pet/Features/StickyNotes/PetStickyDockCoordinator.cs","1131","ResizeHostedStickyDockDivider","target","READ","Pet canonical / UI projection (inspect receiver)","if (note.X != target.X || note.Y != target.Y ||"
"Width","desktop-pet/Features/StickyNotes/PetStickyDockCoordinator.cs","1132","ResizeHostedStickyDockDivider","note","READ","Pet canonical / UI projection (inspect receiver)","note.Width != target.Width || note.Height != target.Height ||"
"Width","desktop-pet/Features/StickyNotes/PetStickyDockCoordinator.cs","1132","ResizeHostedStickyDockDivider","target","READ","Pet canonical / UI projection (inspect receiver)","note.Width != target.Width || note.Height != target.Height ||"
"Height","desktop-pet/Features/StickyNotes/PetStickyDockCoordinator.cs","1132","ResizeHostedStickyDockDivider","note","READ","Pet canonical / UI projection (inspect receiver)","note.Width != target.Width || note.Height != target.Height ||"
"Height","desktop-pet/Features/StickyNotes/PetStickyDockCoordinator.cs","1132","ResizeHostedStickyDockDivider","target","READ","Pet canonical / UI projection (inspect receiver)","note.Width != target.Width || note.Height != target.Height ||"
"Height","desktop-pet/Features/StickyNotes/PetStickyDockCoordinator.cs","1166","CalculateDockDividerTargets","upper","READ","Pet canonical / UI projection (inspect receiver)","int upperHeight = CalculateDockDividerHeight(upper.Height);"
"X","desktop-pet/Features/StickyNotes/PetStickyDockCoordinator.cs","1167","CalculateDockDividerTargets","upper","READ","Pet canonical / UI projection (inspect receiver)","targets.Add(new DockLayoutTarget(upper.NoteId, upper.X, upper.Y,"
"Y","desktop-pet/Features/StickyNotes/PetStickyDockCoordinator.cs","1167","CalculateDockDividerTargets","upper","READ","Pet canonical / UI projection (inspect receiver)","targets.Add(new DockLayoutTarget(upper.NoteId, upper.X, upper.Y,"
"Width","desktop-pet/Features/StickyNotes/PetStickyDockCoordinator.cs","1168","CalculateDockDividerTargets","upper","READ","Pet canonical / UI projection (inspect receiver)","upper.Width, upperHeight, upper.Visible, upper.TopMost));"
"X","desktop-pet/Features/StickyNotes/PetStickyDockCoordinator.cs","1169","CalculateDockDividerTargets","lower","READ","Pet canonical / UI projection (inspect receiver)","targets.Add(new DockLayoutTarget(lower.NoteId, lower.X,"
"Y","desktop-pet/Features/StickyNotes/PetStickyDockCoordinator.cs","1170","CalculateDockDividerTargets","upper","READ","Pet canonical / UI projection (inspect receiver)","upper.Y + upperHeight, lower.Width, lower.Height,"
"Width","desktop-pet/Features/StickyNotes/PetStickyDockCoordinator.cs","1170","CalculateDockDividerTargets","lower","READ","Pet canonical / UI projection (inspect receiver)","upper.Y + upperHeight, lower.Width, lower.Height,"
"Height","desktop-pet/Features/StickyNotes/PetStickyDockCoordinator.cs","1170","CalculateDockDividerTargets","lower","READ","Pet canonical / UI projection (inspect receiver)","upper.Y + upperHeight, lower.Width, lower.Height,"
"Width","desktop-pet/Features/StickyNotes/PetStickyDockCoordinator.cs","1551","CanDockBelow","target","READ","Pet canonical / UI projection (inspect receiver)","target.Width, target.Height, threshold);"
"Height","desktop-pet/Features/StickyNotes/PetStickyDockCoordinator.cs","1551","CanDockBelow","target","READ","Pet canonical / UI projection (inspect receiver)","target.Width, target.Height, threshold);"
"DisplayId","desktop-pet/StickyWindowSession.cs","86","TryShowAtPhysicalBounds","data","READ","Sticky STA working copy / window effect","!String.IsNullOrWhiteSpace(data.DisplayId) &&"
"LocalLogicalWidth","desktop-pet/StickyWindowSession.cs","87","TryShowAtPhysicalBounds","data","READ","Sticky STA working copy / window effect","data.LocalLogicalWidth > 0 && data.LocalLogicalHeight > 0;"
"LocalLogicalHeight","desktop-pet/StickyWindowSession.cs","87","TryShowAtPhysicalBounds","data","READ","Sticky STA working copy / window effect","data.LocalLogicalWidth > 0 && data.LocalLogicalHeight > 0;"
"PreferredDisplayTargetKey","desktop-pet/StickyWindowSession.cs","89","TryShowAtPhysicalBounds","data","READ","Sticky STA working copy / window effect","!String.IsNullOrWhiteSpace(data.PreferredDisplayTargetKey) &&"
"PreferredLocalLogicalWidth","desktop-pet/StickyWindowSession.cs","90","TryShowAtPhysicalBounds","data","READ","Sticky STA working copy / window effect","data.PreferredLocalLogicalWidth > 0 &&"
"PreferredLocalLogicalHeight","desktop-pet/StickyWindowSession.cs","91","TryShowAtPhysicalBounds","data","READ","Sticky STA working copy / window effect","data.PreferredLocalLogicalHeight > 0;"
"PreferredDisplayTargetKey","desktop-pet/StickyWindowSession.cs","185","ResolvePlacementPlan","data","READ","Sticky STA working copy / window effect","!String.IsNullOrWhiteSpace(data.PreferredDisplayTargetKey) &&"
"PreferredLocalLogicalWidth","desktop-pet/StickyWindowSession.cs","186","ResolvePlacementPlan","data","READ","Sticky STA working copy / window effect","data.PreferredLocalLogicalWidth > 0 &&"
"PreferredLocalLogicalHeight","desktop-pet/StickyWindowSession.cs","187","ResolvePlacementPlan","data","READ","Sticky STA working copy / window effect","data.PreferredLocalLogicalHeight > 0)"
"PreferredDisplayTargetKey","desktop-pet/StickyWindowSession.cs","190","ResolvePlacementPlan","data","READ","Sticky STA working copy / window effect","data.PreferredDisplayTargetKey);"
"PreferredLocalLogicalX","desktop-pet/StickyWindowSession.cs","193","ResolvePlacementPlan","data","READ","Sticky STA working copy / window effect","preferred.X = data.PreferredLocalLogicalX;"
"PreferredLocalLogicalY","desktop-pet/StickyWindowSession.cs","194","ResolvePlacementPlan","data","READ","Sticky STA working copy / window effect","preferred.Y = data.PreferredLocalLogicalY;"
"PreferredLocalLogicalWidth","desktop-pet/StickyWindowSession.cs","195","ResolvePlacementPlan","data","READ","Sticky STA working copy / window effect","preferred.Width = data.PreferredLocalLogicalWidth;"
"PreferredLocalLogicalHeight","desktop-pet/StickyWindowSession.cs","196","ResolvePlacementPlan","data","READ","Sticky STA working copy / window effect","preferred.Height = data.PreferredLocalLogicalHeight;"
"DisplayId","desktop-pet/StickyWindowSession.cs","202","ResolvePlacementPlan","data","READ","Sticky STA working copy / window effect","data.DisplayId ?? String.Empty);"
"LocalLogicalX","desktop-pet/StickyWindowSession.cs","205","ResolvePlacementPlan","data","READ","Sticky STA working copy / window effect","preferred.X = data.LocalLogicalX;"
"LocalLogicalY","desktop-pet/StickyWindowSession.cs","206","ResolvePlacementPlan","data","READ","Sticky STA working copy / window effect","preferred.Y = data.LocalLogicalY;"
"LocalLogicalWidth","desktop-pet/StickyWindowSession.cs","207","ResolvePlacementPlan","data","READ","Sticky STA working copy / window effect","preferred.Width = data.LocalLogicalWidth;"
"LocalLogicalHeight","desktop-pet/StickyWindowSession.cs","208","ResolvePlacementPlan","data","READ","Sticky STA working copy / window effect","preferred.Height = data.LocalLogicalHeight;"
"Width","desktop-pet/StickyWindowSession.cs","217","ResolvePlacementPlan","data","READ","Sticky STA working copy / window effect","if (data.Width > 0 && data.Height > 0)"
"Height","desktop-pet/StickyWindowSession.cs","217","ResolvePlacementPlan","data","READ","Sticky STA working copy / window effect","if (data.Width > 0 && data.Height > 0)"
"X","desktop-pet/StickyWindowSession.cs","221","ResolvePlacementPlan","data","READ","Sticky STA working copy / window effect","data.X, data.Y, data.Width, data.Height);"
"Y","desktop-pet/StickyWindowSession.cs","221","ResolvePlacementPlan","data","READ","Sticky STA working copy / window effect","data.X, data.Y, data.Width, data.Height);"
"Width","desktop-pet/StickyWindowSession.cs","221","ResolvePlacementPlan","data","READ","Sticky STA working copy / window effect","data.X, data.Y, data.Width, data.Height);"
"Height","desktop-pet/StickyWindowSession.cs","221","ResolvePlacementPlan","data","READ","Sticky STA working copy / window effect","data.X, data.Y, data.Width, data.Height);"
"Height","desktop-pet/StickyWindowSession.cs","950","EmitDockDividerResize","snapshot","READ","Sticky STA working copy / window effect","e == null ? snapshot.Height : e.Height));"
"X","desktop-pet/StickyWindowSession.cs","1058","TraceWindowFacts","snapshot","READ","Sticky STA working copy / window effect","snapshot.LocalLogicalWidth > 0 && snapshot.X != 0"
"LocalLogicalWidth","desktop-pet/StickyWindowSession.cs","1058","TraceWindowFacts","snapshot","READ","Sticky STA working copy / window effect","snapshot.LocalLogicalWidth > 0 && snapshot.X != 0"
"X","desktop-pet/StickyWindowSession.cs","1059","TraceWindowFacts","snapshot","READ","Sticky STA working copy / window effect","? ((double)snapshot.X /"
"LocalLogicalWidth","desktop-pet/StickyWindowSession.cs","1060","TraceWindowFacts","snapshot","READ","Sticky STA working copy / window effect","snapshot.LocalLogicalWidth).ToString(""0.###"")"
"X","desktop-pet/StickyWindowSession.cs","1071","TraceWindowFacts","snapshot","READ","Sticky STA working copy / window effect","snapshot.X + "","" + snapshot.Y + "","" +"
"Y","desktop-pet/StickyWindowSession.cs","1071","TraceWindowFacts","snapshot","READ","Sticky STA working copy / window effect","snapshot.X + "","" + snapshot.Y + "","" +"
"Width","desktop-pet/StickyWindowSession.cs","1072","TraceWindowFacts","snapshot","READ","Sticky STA working copy / window effect","snapshot.Width + "","" + snapshot.Height) + "")"" +"
"Height","desktop-pet/StickyWindowSession.cs","1072","TraceWindowFacts","snapshot","READ","Sticky STA working copy / window effect","snapshot.Width + "","" + snapshot.Height) + "")"" +"
"DisplayId","desktop-pet/StickyWindowSession.cs","1074","TraceWindowFacts","snapshot","READ","Sticky STA working copy / window effect","(snapshot == null ? ""-"" : snapshot.DisplayId ?? ""-"") +"
"DisplayId","desktop-pet/StickyWindowSession.cs","1105","CaptureCanonicalPlacement","metrics","READ","Sticky STA working copy / window effect","metrics.DisplayId, metrics.PhysicalLeft,"
"X","desktop-pet/StickyWindowSession.cs","1123","CaptureCanonicalPlacement","_window.Data","WRITE","Sticky STA working copy / window effect","_window.Data.X = _window.Left;"
"Y","desktop-pet/StickyWindowSession.cs","1124","CaptureCanonicalPlacement","_window.Data","WRITE","Sticky STA working copy / window effect","_window.Data.Y = _window.Top;"
"Width","desktop-pet/StickyWindowSession.cs","1125","CaptureCanonicalPlacement","_window.Data","WRITE","Sticky STA working copy / window effect","_window.Data.Width = _window.Width;"
"Height","desktop-pet/StickyWindowSession.cs","1126","CaptureCanonicalPlacement","_window.Data","WRITE","Sticky STA working copy / window effect","_window.Data.Height = _window.Height;"
"DisplayId","desktop-pet/StickyWindowSession.cs","1132","IsCanonicalValid","note","READ","Sticky STA working copy / window effect","!String.IsNullOrWhiteSpace(note.DisplayId) &&"
"LocalLogicalWidth","desktop-pet/StickyWindowSession.cs","1133","IsCanonicalValid","note","READ","Sticky STA working copy / window effect","note.LocalLogicalWidth > 0 && note.LocalLogicalHeight > 0;"
"LocalLogicalHeight","desktop-pet/StickyWindowSession.cs","1133","IsCanonicalValid","note","READ","Sticky STA working copy / window effect","note.LocalLogicalWidth > 0 && note.LocalLogicalHeight > 0;"
"X","desktop-pet/Features/StickyNotes/StickyNoteRepository.cs","452","CreateDraft","note","WRITE","Pet canonical / UI projection (inspect receiver)","note.X = location.X;"
"Y","desktop-pet/Features/StickyNotes/StickyNoteRepository.cs","453","CreateDraft","note","WRITE","Pet canonical / UI projection (inspect receiver)","note.Y = location.Y;"
"X","desktop-pet/Features/StickyNotes/StickyUiCommand.cs","323","StickyNoteUiSnapshot","source","READ","detached carrier conversion","X = source.X;"
"Y","desktop-pet/Features/StickyNotes/StickyUiCommand.cs","324","StickyNoteUiSnapshot","source","READ","detached carrier conversion","Y = source.Y;"
"Width","desktop-pet/Features/StickyNotes/StickyUiCommand.cs","325","StickyNoteUiSnapshot","source","READ","detached carrier conversion","Width = source.Width;"
"Height","desktop-pet/Features/StickyNotes/StickyUiCommand.cs","326","StickyNoteUiSnapshot","source","READ","detached carrier conversion","Height = source.Height;"
"DisplayId","desktop-pet/Features/StickyNotes/StickyUiCommand.cs","327","StickyNoteUiSnapshot","source","READ","detached carrier conversion","DisplayId = source.DisplayId ?? String.Empty;"
"LocalLogicalX","desktop-pet/Features/StickyNotes/StickyUiCommand.cs","328","StickyNoteUiSnapshot","source","READ","detached carrier conversion","LocalLogicalX = source.LocalLogicalX;"
"LocalLogicalY","desktop-pet/Features/StickyNotes/StickyUiCommand.cs","329","StickyNoteUiSnapshot","source","READ","detached carrier conversion","LocalLogicalY = source.LocalLogicalY;"
"LocalLogicalWidth","desktop-pet/Features/StickyNotes/StickyUiCommand.cs","330","StickyNoteUiSnapshot","source","READ","detached carrier conversion","LocalLogicalWidth = source.LocalLogicalWidth;"
"LocalLogicalHeight","desktop-pet/Features/StickyNotes/StickyUiCommand.cs","331","StickyNoteUiSnapshot","source","READ","detached carrier conversion","LocalLogicalHeight = source.LocalLogicalHeight;"
"PreferredDisplayTargetKey","desktop-pet/Features/StickyNotes/StickyUiCommand.cs","333","StickyNoteUiSnapshot","source","READ","detached carrier conversion","source.PreferredDisplayTargetKey ?? String.Empty;"
"PreferredLocalLogicalX","desktop-pet/Features/StickyNotes/StickyUiCommand.cs","334","StickyNoteUiSnapshot","source","READ","detached carrier conversion","PreferredLocalLogicalX = source.PreferredLocalLogicalX;"
"PreferredLocalLogicalY","desktop-pet/Features/StickyNotes/StickyUiCommand.cs","335","StickyNoteUiSnapshot","source","READ","detached carrier conversion","PreferredLocalLogicalY = source.PreferredLocalLogicalY;"
"PreferredLocalLogicalWidth","desktop-pet/Features/StickyNotes/StickyUiCommand.cs","336","StickyNoteUiSnapshot","source","READ","detached carrier conversion","PreferredLocalLogicalWidth = source.PreferredLocalLogicalWidth;"
"PreferredLocalLogicalHeight","desktop-pet/Features/StickyNotes/StickyUiCommand.cs","338","StickyNoteUiSnapshot","source","READ","detached carrier conversion","source.PreferredLocalLogicalHeight;"
"X","desktop-pet/Features/StickyNotes/StickyUiCommand.cs","418","ApplyTo","target","WRITE","detached carrier conversion","target.X = X;"
"Y","desktop-pet/Features/StickyNotes/StickyUiCommand.cs","419","ApplyTo","target","WRITE","detached carrier conversion","target.Y = Y;"
"Width","desktop-pet/Features/StickyNotes/StickyUiCommand.cs","420","ApplyTo","target","WRITE","detached carrier conversion","target.Width = Width;"
"Height","desktop-pet/Features/StickyNotes/StickyUiCommand.cs","421","ApplyTo","target","WRITE","detached carrier conversion","target.Height = Height;"
"DisplayId","desktop-pet/Features/StickyNotes/StickyUiCommand.cs","422","ApplyTo","target","WRITE","detached carrier conversion","target.DisplayId = DisplayId ?? String.Empty;"
"LocalLogicalX","desktop-pet/Features/StickyNotes/StickyUiCommand.cs","423","ApplyTo","target","WRITE","detached carrier conversion","target.LocalLogicalX = LocalLogicalX;"
"LocalLogicalY","desktop-pet/Features/StickyNotes/StickyUiCommand.cs","424","ApplyTo","target","WRITE","detached carrier conversion","target.LocalLogicalY = LocalLogicalY;"
"LocalLogicalWidth","desktop-pet/Features/StickyNotes/StickyUiCommand.cs","425","ApplyTo","target","WRITE","detached carrier conversion","target.LocalLogicalWidth = LocalLogicalWidth;"
"LocalLogicalHeight","desktop-pet/Features/StickyNotes/StickyUiCommand.cs","426","ApplyTo","target","WRITE","detached carrier conversion","target.LocalLogicalHeight = LocalLogicalHeight;"
"PreferredDisplayTargetKey","desktop-pet/Features/StickyNotes/StickyUiCommand.cs","436","ApplyPreferredTo","target","WRITE","detached carrier conversion","target.PreferredDisplayTargetKey ="
"PreferredLocalLogicalX","desktop-pet/Features/StickyNotes/StickyUiCommand.cs","438","ApplyPreferredTo","target","WRITE","detached carrier conversion","target.PreferredLocalLogicalX = PreferredLocalLogicalX;"
"PreferredLocalLogicalY","desktop-pet/Features/StickyNotes/StickyUiCommand.cs","439","ApplyPreferredTo","target","WRITE","detached carrier conversion","target.PreferredLocalLogicalY = PreferredLocalLogicalY;"
"PreferredLocalLogicalWidth","desktop-pet/Features/StickyNotes/StickyUiCommand.cs","440","ApplyPreferredTo","target","WRITE","detached carrier conversion","target.PreferredLocalLogicalWidth = PreferredLocalLogicalWidth;"
"PreferredLocalLogicalHeight","desktop-pet/Features/StickyNotes/StickyUiCommand.cs","441","ApplyPreferredTo","target","WRITE","detached carrier conversion","target.PreferredLocalLogicalHeight = PreferredLocalLogicalHeight;"
"Width","desktop-pet/PetForm.cs","767","PositionOwnedWindowLikeReminder","child","READ","other detached geometry; not automatically StickyNoteData","int x = Left + Width / 2 - child.Width / 2;"
"Height","desktop-pet/PetForm.cs","768","PositionOwnedWindowLikeReminder","child","READ","other detached geometry; not automatically StickyNoteData","int y = Top + Height / 2 - child.Height / 2;"
"Width","desktop-pet/PetForm.cs","770","PositionOwnedWindowLikeReminder","child","READ","other detached geometry; not automatically StickyNoteData","Math.Max(work.Left, Math.Min(x, work.Right - child.Width)),"
"Height","desktop-pet/PetForm.cs","771","PositionOwnedWindowLikeReminder","child","READ","other detached geometry; not automatically StickyNoteData","Math.Max(work.Top, Math.Min(y, work.Bottom - child.Height)));"
"Width","desktop-pet/PetAnimationRuntime.cs","529","EnsureRenderedRow","source","READ","other detached geometry; not automatically StickyNoteData","if (source.Width == _renderedTargetSize.Width &&"
"Height","desktop-pet/PetAnimationRuntime.cs","530","EnsureRenderedRow","source","READ","other detached geometry; not automatically StickyNoteData","source.Height == _renderedTargetSize.Height)"
"X","desktop-pet/PetDisplayRuntime.cs","212","TryPlacePetDefault","target","READ","other detached geometry; not automatically StickyNoteData","if (!TrySetPetTopLeft(target.X, target.Y))"
"Y","desktop-pet/PetDisplayRuntime.cs","212","TryPlacePetDefault","target","READ","other detached geometry; not automatically StickyNoteData","if (!TrySetPetTopLeft(target.X, target.Y))"
"X","desktop-pet/Core/StickyNotes/StickyNoteModels.cs","223","CloneForPersistence","copy","WRITE","model / pure transform (receiver type requires method context)","copy.X = X;"
"Y","desktop-pet/Core/StickyNotes/StickyNoteModels.cs","224","CloneForPersistence","copy","WRITE","model / pure transform (receiver type requires method context)","copy.Y = Y;"
"Width","desktop-pet/Core/StickyNotes/StickyNoteModels.cs","225","CloneForPersistence","copy","WRITE","model / pure transform (receiver type requires method context)","copy.Width = Width;"
"Height","desktop-pet/Core/StickyNotes/StickyNoteModels.cs","226","CloneForPersistence","copy","WRITE","model / pure transform (receiver type requires method context)","copy.Height = Height;"
"DisplayId","desktop-pet/Core/StickyNotes/StickyNoteModels.cs","227","CloneForPersistence","copy","WRITE","model / pure transform (receiver type requires method context)","copy.DisplayId = DisplayId;"
"LocalLogicalX","desktop-pet/Core/StickyNotes/StickyNoteModels.cs","228","CloneForPersistence","copy","WRITE","model / pure transform (receiver type requires method context)","copy.LocalLogicalX = LocalLogicalX;"
"LocalLogicalY","desktop-pet/Core/StickyNotes/StickyNoteModels.cs","229","CloneForPersistence","copy","WRITE","model / pure transform (receiver type requires method context)","copy.LocalLogicalY = LocalLogicalY;"
"LocalLogicalWidth","desktop-pet/Core/StickyNotes/StickyNoteModels.cs","230","CloneForPersistence","copy","WRITE","model / pure transform (receiver type requires method context)","copy.LocalLogicalWidth = LocalLogicalWidth;"
"LocalLogicalHeight","desktop-pet/Core/StickyNotes/StickyNoteModels.cs","231","CloneForPersistence","copy","WRITE","model / pure transform (receiver type requires method context)","copy.LocalLogicalHeight = LocalLogicalHeight;"
"PreferredDisplayTargetKey","desktop-pet/Core/StickyNotes/StickyNoteModels.cs","232","CloneForPersistence","copy","WRITE","model / pure transform (receiver type requires method context)","copy.PreferredDisplayTargetKey = PreferredDisplayTargetKey;"
"PreferredLocalLogicalX","desktop-pet/Core/StickyNotes/StickyNoteModels.cs","233","CloneForPersistence","copy","WRITE","model / pure transform (receiver type requires method context)","copy.PreferredLocalLogicalX = PreferredLocalLogicalX;"
"PreferredLocalLogicalY","desktop-pet/Core/StickyNotes/StickyNoteModels.cs","234","CloneForPersistence","copy","WRITE","model / pure transform (receiver type requires method context)","copy.PreferredLocalLogicalY = PreferredLocalLogicalY;"
"PreferredLocalLogicalWidth","desktop-pet/Core/StickyNotes/StickyNoteModels.cs","235","CloneForPersistence","copy","WRITE","model / pure transform (receiver type requires method context)","copy.PreferredLocalLogicalWidth = PreferredLocalLogicalWidth;"
"PreferredLocalLogicalHeight","desktop-pet/Core/StickyNotes/StickyNoteModels.cs","236","CloneForPersistence","copy","WRITE","model / pure transform (receiver type requires method context)","copy.PreferredLocalLogicalHeight = PreferredLocalLogicalHeight;"
"X","desktop-pet/Core/StickyNotes/StickyNoteCodec.cs","34","SerializeLine","note","READ","model / pure transform (receiver type requires method context)","note.X.ToString(CultureInfo.InvariantCulture),"
"Y","desktop-pet/Core/StickyNotes/StickyNoteCodec.cs","35","SerializeLine","note","READ","model / pure transform (receiver type requires method context)","note.Y.ToString(CultureInfo.InvariantCulture),"
"Width","desktop-pet/Core/StickyNotes/StickyNoteCodec.cs","36","SerializeLine","note","READ","model / pure transform (receiver type requires method context)","note.Width.ToString(CultureInfo.InvariantCulture),"
"Height","desktop-pet/Core/StickyNotes/StickyNoteCodec.cs","37","SerializeLine","note","READ","model / pure transform (receiver type requires method context)","note.Height.ToString(CultureInfo.InvariantCulture),"
"DisplayId","desktop-pet/Core/StickyNotes/StickyNoteCodec.cs","58","SerializeLine","note","READ","model / pure transform (receiver type requires method context)","Encode(note.DisplayId ?? String.Empty),"
"LocalLogicalX","desktop-pet/Core/StickyNotes/StickyNoteCodec.cs","59","SerializeLine","note","READ","model / pure transform (receiver type requires method context)","note.LocalLogicalX.ToString(CultureInfo.InvariantCulture),"
"LocalLogicalY","desktop-pet/Core/StickyNotes/StickyNoteCodec.cs","60","SerializeLine","note","READ","model / pure transform (receiver type requires method context)","note.LocalLogicalY.ToString(CultureInfo.InvariantCulture),"
"LocalLogicalWidth","desktop-pet/Core/StickyNotes/StickyNoteCodec.cs","61","SerializeLine","note","READ","model / pure transform (receiver type requires method context)","note.LocalLogicalWidth.ToString(CultureInfo.InvariantCulture),"
"LocalLogicalHeight","desktop-pet/Core/StickyNotes/StickyNoteCodec.cs","62","SerializeLine","note","READ","model / pure transform (receiver type requires method context)","note.LocalLogicalHeight.ToString(CultureInfo.InvariantCulture),"
"PreferredDisplayTargetKey","desktop-pet/Core/StickyNotes/StickyNoteCodec.cs","63","SerializeLine","note","READ","model / pure transform (receiver type requires method context)","Encode(note.PreferredDisplayTargetKey ?? String.Empty),"
"PreferredLocalLogicalX","desktop-pet/Core/StickyNotes/StickyNoteCodec.cs","64","SerializeLine","note","READ","model / pure transform (receiver type requires method context)","note.PreferredLocalLogicalX.ToString("
"PreferredLocalLogicalY","desktop-pet/Core/StickyNotes/StickyNoteCodec.cs","66","SerializeLine","note","READ","model / pure transform (receiver type requires method context)","note.PreferredLocalLogicalY.ToString("
"PreferredLocalLogicalWidth","desktop-pet/Core/StickyNotes/StickyNoteCodec.cs","68","SerializeLine","note","READ","model / pure transform (receiver type requires method context)","note.PreferredLocalLogicalWidth.ToString("
"PreferredLocalLogicalHeight","desktop-pet/Core/StickyNotes/StickyNoteCodec.cs","70","SerializeLine","note","READ","model / pure transform (receiver type requires method context)","note.PreferredLocalLogicalHeight.ToString("
"X","desktop-pet/Core/StickyNotes/StickyNoteCodec.cs","102","ParseLine","note","WRITE","model / pure transform (receiver type requires method context)","if (Int32.TryParse(fields[5], out number)) note.X = number;"
"Y","desktop-pet/Core/StickyNotes/StickyNoteCodec.cs","103","ParseLine","note","WRITE","model / pure transform (receiver type requires method context)","if (Int32.TryParse(fields[6], out number)) note.Y = number;"
"Width","desktop-pet/Core/StickyNotes/StickyNoteCodec.cs","105","ParseLine","note","WRITE","model / pure transform (receiver type requires method context)","note.Width = Clamp(number,"
"Height","desktop-pet/Core/StickyNotes/StickyNoteCodec.cs","109","ParseLine","note","WRITE","model / pure transform (receiver type requires method context)","note.Height = Clamp(number,"
"DisplayId","desktop-pet/Core/StickyNotes/StickyNoteCodec.cs","170","ParseLine","note","WRITE","model / pure transform (receiver type requires method context)","note.DisplayId = Decode(fields[27]);"
"LocalLogicalX","desktop-pet/Core/StickyNotes/StickyNoteCodec.cs","172","ParseLine","note","WRITE","model / pure transform (receiver type requires method context)","note.LocalLogicalX = number;"
"LocalLogicalY","desktop-pet/Core/StickyNotes/StickyNoteCodec.cs","174","ParseLine","note","WRITE","model / pure transform (receiver type requires method context)","note.LocalLogicalY = number;"
"LocalLogicalWidth","desktop-pet/Core/StickyNotes/StickyNoteCodec.cs","176","ParseLine","note","WRITE","model / pure transform (receiver type requires method context)","note.LocalLogicalWidth = number;"
"LocalLogicalHeight","desktop-pet/Core/StickyNotes/StickyNoteCodec.cs","178","ParseLine","note","WRITE","model / pure transform (receiver type requires method context)","note.LocalLogicalHeight = number;"
"PreferredDisplayTargetKey","desktop-pet/Core/StickyNotes/StickyNoteCodec.cs","182","ParseLine","note","WRITE","model / pure transform (receiver type requires method context)","note.PreferredDisplayTargetKey = Decode(fields[32]);"
"PreferredLocalLogicalX","desktop-pet/Core/StickyNotes/StickyNoteCodec.cs","184","ParseLine","note","WRITE","model / pure transform (receiver type requires method context)","note.PreferredLocalLogicalX = number;"
"PreferredLocalLogicalY","desktop-pet/Core/StickyNotes/StickyNoteCodec.cs","186","ParseLine","note","WRITE","model / pure transform (receiver type requires method context)","note.PreferredLocalLogicalY = number;"
"PreferredLocalLogicalWidth","desktop-pet/Core/StickyNotes/StickyNoteCodec.cs","188","ParseLine","note","WRITE","model / pure transform (receiver type requires method context)","note.PreferredLocalLogicalWidth = number;"
"PreferredLocalLogicalHeight","desktop-pet/Core/StickyNotes/StickyNoteCodec.cs","190","ParseLine","note","WRITE","model / pure transform (receiver type requires method context)","note.PreferredLocalLogicalHeight = number;"
"Width","desktop-pet/Core/StickyNotes/StickyNoteCodec.cs","233","RepairForDisplay","note","READ","model / pure transform (receiver type requires method context)","int width = Clamp(note.Width,"
"Height","desktop-pet/Core/StickyNotes/StickyNoteCodec.cs","236","RepairForDisplay","note","READ","model / pure transform (receiver type requires method context)","int height = Clamp(note.Height,"
"Width","desktop-pet/Core/StickyNotes/StickyNoteCodec.cs","244","RepairForDisplay","note","READ","model / pure transform (receiver type requires method context)","if (note.Width != width) { note.Width = width; changed = true; }"
"Width","desktop-pet/Core/StickyNotes/StickyNoteCodec.cs","244","RepairForDisplay","note","WRITE","model / pure transform (receiver type requires method context)","if (note.Width != width) { note.Width = width; changed = true; }"
"Height","desktop-pet/Core/StickyNotes/StickyNoteCodec.cs","245","RepairForDisplay","note","READ","model / pure transform (receiver type requires method context)","if (note.Height != height) { note.Height = height; changed = true; }"
"Height","desktop-pet/Core/StickyNotes/StickyNoteCodec.cs","245","RepairForDisplay","note","WRITE","model / pure transform (receiver type requires method context)","if (note.Height != height) { note.Height = height; changed = true; }"
"DisplayId","desktop-pet/Core/StickyNotes/StickyNoteCodec.cs","256","RepairForDisplay","note","READ","model / pure transform (receiver type requires method context)","if (String.IsNullOrWhiteSpace(note.DisplayId))"
"LocalLogicalX","desktop-pet/Core/StickyNotes/StickyNoteCodec.cs","258","RepairForDisplay","note","READ","model / pure transform (receiver type requires method context)","if (note.LocalLogicalX != 0 || note.LocalLogicalY != 0 ||"
"LocalLogicalY","desktop-pet/Core/StickyNotes/StickyNoteCodec.cs","258","RepairForDisplay","note","READ","model / pure transform (receiver type requires method context)","if (note.LocalLogicalX != 0 || note.LocalLogicalY != 0 ||"
"LocalLogicalWidth","desktop-pet/Core/StickyNotes/StickyNoteCodec.cs","259","RepairForDisplay","note","READ","model / pure transform (receiver type requires method context)","note.LocalLogicalWidth != 0 ||"
"LocalLogicalHeight","desktop-pet/Core/StickyNotes/StickyNoteCodec.cs","260","RepairForDisplay","note","READ","model / pure transform (receiver type requires method context)","note.LocalLogicalHeight != 0)"
"LocalLogicalX","desktop-pet/Core/StickyNotes/StickyNoteCodec.cs","262","RepairForDisplay","note","WRITE","model / pure transform (receiver type requires method context)","note.LocalLogicalX = 0;"
"LocalLogicalY","desktop-pet/Core/StickyNotes/StickyNoteCodec.cs","263","RepairForDisplay","note","WRITE","model / pure transform (receiver type requires method context)","note.LocalLogicalY = 0;"
"LocalLogicalWidth","desktop-pet/Core/StickyNotes/StickyNoteCodec.cs","264","RepairForDisplay","note","WRITE","model / pure transform (receiver type requires method context)","note.LocalLogicalWidth = 0;"
"LocalLogicalHeight","desktop-pet/Core/StickyNotes/StickyNoteCodec.cs","265","RepairForDisplay","note","WRITE","model / pure transform (receiver type requires method context)","note.LocalLogicalHeight = 0;"
"LocalLogicalWidth","desktop-pet/Core/StickyNotes/StickyNoteCodec.cs","272","RepairForDisplay","note","READ","model / pure transform (receiver type requires method context)","Math.Min(note.LocalLogicalWidth,"
"LocalLogicalHeight","desktop-pet/Core/StickyNotes/StickyNoteCodec.cs","275","RepairForDisplay","note","READ","model / pure transform (receiver type requires method context)","Math.Min(note.LocalLogicalHeight,"
"LocalLogicalWidth","desktop-pet/Core/StickyNotes/StickyNoteCodec.cs","277","RepairForDisplay","note","READ","model / pure transform (receiver type requires method context)","if (note.LocalLogicalWidth != localWidth)"
"LocalLogicalWidth","desktop-pet/Core/StickyNotes/StickyNoteCodec.cs","279","RepairForDisplay","note","WRITE","model / pure transform (receiver type requires method context)","note.LocalLogicalWidth = localWidth;"
"LocalLogicalHeight","desktop-pet/Core/StickyNotes/StickyNoteCodec.cs","282","RepairForDisplay","note","READ","model / pure transform (receiver type requires method context)","if (note.LocalLogicalHeight != localHeight)"
"LocalLogicalHeight","desktop-pet/Core/StickyNotes/StickyNoteCodec.cs","284","RepairForDisplay","note","WRITE","model / pure transform (receiver type requires method context)","note.LocalLogicalHeight = localHeight;"
"PreferredDisplayTargetKey","desktop-pet/Core/StickyNotes/StickyNoteCodec.cs","292","RepairForDisplay","note","WRITE","model / pure transform (receiver type requires method context)","note.PreferredDisplayTargetKey ="
"PreferredDisplayTargetKey","desktop-pet/Core/StickyNotes/StickyNoteCodec.cs","293","RepairForDisplay","note","READ","model / pure transform (receiver type requires method context)","(note.PreferredDisplayTargetKey ?? String.Empty).Trim();"
"PreferredDisplayTargetKey","desktop-pet/Core/StickyNotes/StickyNoteCodec.cs","294","RepairForDisplay","note","READ","model / pure transform (receiver type requires method context)","if (note.PreferredDisplayTargetKey.Length >"
"PreferredDisplayTargetKey","desktop-pet/Core/StickyNotes/StickyNoteCodec.cs","297","RepairForDisplay","note","WRITE","model / pure transform (receiver type requires method context)","note.PreferredDisplayTargetKey = String.Empty;"
"PreferredDisplayTargetKey","desktop-pet/Core/StickyNotes/StickyNoteCodec.cs","300","RepairForDisplay","note","READ","model / pure transform (receiver type requires method context)","if (String.IsNullOrWhiteSpace(note.PreferredDisplayTargetKey))"
"PreferredLocalLogicalX","desktop-pet/Core/StickyNotes/StickyNoteCodec.cs","302","RepairForDisplay","note","READ","model / pure transform (receiver type requires method context)","if (note.PreferredLocalLogicalX != 0 ||"
"PreferredLocalLogicalY","desktop-pet/Core/StickyNotes/StickyNoteCodec.cs","303","RepairForDisplay","note","READ","model / pure transform (receiver type requires method context)","note.PreferredLocalLogicalY != 0 ||"
"PreferredLocalLogicalWidth","desktop-pet/Core/StickyNotes/StickyNoteCodec.cs","304","RepairForDisplay","note","READ","model / pure transform (receiver type requires method context)","note.PreferredLocalLogicalWidth != 0 ||"
"PreferredLocalLogicalHeight","desktop-pet/Core/StickyNotes/StickyNoteCodec.cs","305","RepairForDisplay","note","READ","model / pure transform (receiver type requires method context)","note.PreferredLocalLogicalHeight != 0)"
"PreferredLocalLogicalX","desktop-pet/Core/StickyNotes/StickyNoteCodec.cs","307","RepairForDisplay","note","WRITE","model / pure transform (receiver type requires method context)","note.PreferredLocalLogicalX = 0;"
"PreferredLocalLogicalY","desktop-pet/Core/StickyNotes/StickyNoteCodec.cs","308","RepairForDisplay","note","WRITE","model / pure transform (receiver type requires method context)","note.PreferredLocalLogicalY = 0;"
"PreferredLocalLogicalWidth","desktop-pet/Core/StickyNotes/StickyNoteCodec.cs","309","RepairForDisplay","note","WRITE","model / pure transform (receiver type requires method context)","note.PreferredLocalLogicalWidth = 0;"
"PreferredLocalLogicalHeight","desktop-pet/Core/StickyNotes/StickyNoteCodec.cs","310","RepairForDisplay","note","WRITE","model / pure transform (receiver type requires method context)","note.PreferredLocalLogicalHeight = 0;"
"PreferredLocalLogicalWidth","desktop-pet/Core/StickyNotes/StickyNoteCodec.cs","314","RepairForDisplay","note","READ","model / pure transform (receiver type requires method context)","else if (note.PreferredLocalLogicalWidth <= 0 ||"
"PreferredLocalLogicalHeight","desktop-pet/Core/StickyNotes/StickyNoteCodec.cs","315","RepairForDisplay","note","READ","model / pure transform (receiver type requires method context)","note.PreferredLocalLogicalHeight <= 0)"
"PreferredDisplayTargetKey","desktop-pet/Core/StickyNotes/StickyNoteCodec.cs","320","RepairForDisplay","note","WRITE","model / pure transform (receiver type requires method context)","note.PreferredDisplayTargetKey = String.Empty;"
"PreferredLocalLogicalX","desktop-pet/Core/StickyNotes/StickyNoteCodec.cs","321","RepairForDisplay","note","WRITE","model / pure transform (receiver type requires method context)","note.PreferredLocalLogicalX = 0;"
"PreferredLocalLogicalY","desktop-pet/Core/StickyNotes/StickyNoteCodec.cs","322","RepairForDisplay","note","WRITE","model / pure transform (receiver type requires method context)","note.PreferredLocalLogicalY = 0;"
"PreferredLocalLogicalWidth","desktop-pet/Core/StickyNotes/StickyNoteCodec.cs","323","RepairForDisplay","note","WRITE","model / pure transform (receiver type requires method context)","note.PreferredLocalLogicalWidth = 0;"
"PreferredLocalLogicalHeight","desktop-pet/Core/StickyNotes/StickyNoteCodec.cs","324","RepairForDisplay","note","WRITE","model / pure transform (receiver type requires method context)","note.PreferredLocalLogicalHeight = 0;"
"PreferredLocalLogicalWidth","desktop-pet/Core/StickyNotes/StickyNoteCodec.cs","330","RepairForDisplay","note","READ","model / pure transform (receiver type requires method context)","Math.Min(note.PreferredLocalLogicalWidth,"
"PreferredLocalLogicalHeight","desktop-pet/Core/StickyNotes/StickyNoteCodec.cs","333","RepairForDisplay","note","READ","model / pure transform (receiver type requires method context)","Math.Min(note.PreferredLocalLogicalHeight,"
"PreferredLocalLogicalWidth","desktop-pet/Core/StickyNotes/StickyNoteCodec.cs","335","RepairForDisplay","note","READ","model / pure transform (receiver type requires method context)","if (note.PreferredLocalLogicalWidth != preferredWidth)"
"PreferredLocalLogicalWidth","desktop-pet/Core/StickyNotes/StickyNoteCodec.cs","337","RepairForDisplay","note","WRITE","model / pure transform (receiver type requires method context)","note.PreferredLocalLogicalWidth = preferredWidth;"
"PreferredLocalLogicalHeight","desktop-pet/Core/StickyNotes/StickyNoteCodec.cs","340","RepairForDisplay","note","READ","model / pure transform (receiver type requires method context)","if (note.PreferredLocalLogicalHeight != preferredHeight)"
"PreferredLocalLogicalHeight","desktop-pet/Core/StickyNotes/StickyNoteCodec.cs","342","RepairForDisplay","note","WRITE","model / pure transform (receiver type requires method context)","note.PreferredLocalLogicalHeight = preferredHeight;"
"Width","desktop-pet/Core/Display/DockPlacementPlanner.cs","155","PlanReproject","member","READ","other detached geometry; not automatically StickyNoteData","logicalWidth = Math.Max(logicalWidth, member.Width);"
"Height","desktop-pet/Core/Display/DockPlacementPlanner.cs","156","PlanReproject","member","READ","other detached geometry; not automatically StickyNoteData","logicalHeight += member.Height;"
"Width","desktop-pet/Core/Display/DockPlacementPlanner.cs","181","PlanReproject","source","READ","other detached geometry; not automatically StickyNoteData","Width = source.Width,"
"Height","desktop-pet/Core/Display/DockPlacementPlanner.cs","182","PlanReproject","source","READ","other detached geometry; not automatically StickyNoteData","Height = source.Height"
"Height","desktop-pet/Core/Display/DockPlacementPlanner.cs","237","Plan","member","READ","other detached geometry; not automatically StickyNoteData","long nextTop = (long)logicalTop + member.Height;"
"Width","desktop-pet/Core/Display/DockPlacementPlanner.cs","241","Plan","member","READ","other detached geometry; not automatically StickyNoteData","long logicalRight = (long)group.RootAnchor.X + member.Width;"
"DisplayId","desktop-pet/Core/Display/StickyPlacementMath.cs","44","ApplyTo","note","WRITE","other detached geometry; not automatically StickyNoteData","note.DisplayId = DisplayId;"
"LocalLogicalX","desktop-pet/Core/Display/StickyPlacementMath.cs","45","ApplyTo","note","WRITE","other detached geometry; not automatically StickyNoteData","note.LocalLogicalX = LocalX;"
"LocalLogicalY","desktop-pet/Core/Display/StickyPlacementMath.cs","46","ApplyTo","note","WRITE","other detached geometry; not automatically StickyNoteData","note.LocalLogicalY = LocalY;"
"LocalLogicalWidth","desktop-pet/Core/Display/StickyPlacementMath.cs","47","ApplyTo","note","WRITE","other detached geometry; not automatically StickyNoteData","note.LocalLogicalWidth = LocalWidth;"
"LocalLogicalHeight","desktop-pet/Core/Display/StickyPlacementMath.cs","48","ApplyTo","note","WRITE","other detached geometry; not automatically StickyNoteData","note.LocalLogicalHeight = LocalHeight;"
"X","desktop-pet/Core/Display/StickyPlacementMath.cs","49","ApplyTo","note","WRITE","other detached geometry; not automatically StickyNoteData","note.X = PhysicalLeft;"
"Y","desktop-pet/Core/Display/StickyPlacementMath.cs","50","ApplyTo","note","WRITE","other detached geometry; not automatically StickyNoteData","note.Y = PhysicalTop;"
"Width","desktop-pet/Core/Display/StickyPlacementMath.cs","51","ApplyTo","note","WRITE","other detached geometry; not automatically StickyNoteData","note.Width = PhysicalWidth;"
"Height","desktop-pet/Core/Display/StickyPlacementMath.cs","52","ApplyTo","note","WRITE","other detached geometry; not automatically StickyNoteData","note.Height = PhysicalHeight;"
"DisplayId","desktop-pet/Core/Display/StickyPlacementMath.cs","59","FromData","note","READ","other detached geometry; not automatically StickyNoteData","note.DisplayId ?? String.Empty,"
"LocalLogicalX","desktop-pet/Core/Display/StickyPlacementMath.cs","60","FromData","note","READ","other detached geometry; not automatically StickyNoteData","note.LocalLogicalX, note.LocalLogicalY,"
"LocalLogicalY","desktop-pet/Core/Display/StickyPlacementMath.cs","60","FromData","note","READ","other detached geometry; not automatically StickyNoteData","note.LocalLogicalX, note.LocalLogicalY,"
"LocalLogicalWidth","desktop-pet/Core/Display/StickyPlacementMath.cs","61","FromData","note","READ","other detached geometry; not automatically StickyNoteData","note.LocalLogicalWidth, note.LocalLogicalHeight,"
"LocalLogicalHeight","desktop-pet/Core/Display/StickyPlacementMath.cs","61","FromData","note","READ","other detached geometry; not automatically StickyNoteData","note.LocalLogicalWidth, note.LocalLogicalHeight,"
"X","desktop-pet/Core/Display/StickyPlacementMath.cs","62","FromData","note","READ","other detached geometry; not automatically StickyNoteData","note.X, note.Y, note.Width, note.Height);"
"Y","desktop-pet/Core/Display/StickyPlacementMath.cs","62","FromData","note","READ","other detached geometry; not automatically StickyNoteData","note.X, note.Y, note.Width, note.Height);"
"Width","desktop-pet/Core/Display/StickyPlacementMath.cs","62","FromData","note","READ","other detached geometry; not automatically StickyNoteData","note.X, note.Y, note.Width, note.Height);"
"Height","desktop-pet/Core/Display/StickyPlacementMath.cs","62","FromData","note","READ","other detached geometry; not automatically StickyNoteData","note.X, note.Y, note.Width, note.Height);"
"Width","desktop-pet/StartupLoadingForm.cs","74","UsesEmbeddedLoadingFrameForTest","source","READ","other detached geometry; not automatically StickyNoteData","double sourceAspect = (double)source.Width / source.Height;"
"Height","desktop-pet/StartupLoadingForm.cs","74","UsesEmbeddedLoadingFrameForTest","source","READ","other detached geometry; not automatically StickyNoteData","double sourceAspect = (double)source.Width / source.Height;"
"Width","desktop-pet/StartupLoadingForm.cs","129","CalculateImageBounds","source","READ","other detached geometry; not automatically StickyNoteData","double scale = Math.Min((double)canvas.Width / source.Width,"
"Height","desktop-pet/StartupLoadingForm.cs","130","CalculateImageBounds","source","READ","other detached geometry; not automatically StickyNoteData","(double)canvas.Height / source.Height);"
"Width","desktop-pet/StartupLoadingForm.cs","131","CalculateImageBounds","source","READ","other detached geometry; not automatically StickyNoteData","int width = Math.Max(1, (int)Math.Round(source.Width * scale));"
"Height","desktop-pet/StartupLoadingForm.cs","132","CalculateImageBounds","source","READ","other detached geometry; not automatically StickyNoteData","int height = Math.Max(1, (int)Math.Round(source.Height * scale));"
"X","desktop-pet/Features/StickyNotes/DockWindowFacts.cs","31","FromData","source","READ","other detached geometry; not automatically StickyNoteData","return new DockWindowFacts(source.Id, source.X, source.Y,"
"Y","desktop-pet/Features/StickyNotes/DockWindowFacts.cs","31","FromData","source","READ","other detached geometry; not automatically StickyNoteData","return new DockWindowFacts(source.Id, source.X, source.Y,"
"Width","desktop-pet/Features/StickyNotes/DockWindowFacts.cs","32","FromData","source","READ","other detached geometry; not automatically StickyNoteData","source.Width, source.Height, source.Visible,"
"Height","desktop-pet/Features/StickyNotes/DockWindowFacts.cs","32","FromData","source","READ","other detached geometry; not automatically StickyNoteData","source.Width, source.Height, source.Visible,"
"X","desktop-pet/Features/StickyNotes/DockWindowFacts.cs","40","FromSnapshot","source","READ","other detached geometry; not automatically StickyNoteData","return new DockWindowFacts(source.NoteId, source.X, source.Y,"
"Y","desktop-pet/Features/StickyNotes/DockWindowFacts.cs","40","FromSnapshot","source","READ","other detached geometry; not automatically StickyNoteData","return new DockWindowFacts(source.NoteId, source.X, source.Y,"
"Width","desktop-pet/Features/StickyNotes/DockWindowFacts.cs","41","FromSnapshot","source","READ","other detached geometry; not automatically StickyNoteData","source.Width, source.Height, source.Visible,"
"Height","desktop-pet/Features/StickyNotes/DockWindowFacts.cs","41","FromSnapshot","source","READ","other detached geometry; not automatically StickyNoteData","source.Width, source.Height, source.Visible,"
"X","desktop-pet/Features/StickyNotes/DockWindowFacts.cs","54","FromTarget","target","READ","other detached geometry; not automatically StickyNoteData","return new DockWindowFacts(target.NoteId, target.X, target.Y,"
"Y","desktop-pet/Features/StickyNotes/DockWindowFacts.cs","54","FromTarget","target","READ","other detached geometry; not automatically StickyNoteData","return new DockWindowFacts(target.NoteId, target.X, target.Y,"
"Width","desktop-pet/Features/StickyNotes/DockWindowFacts.cs","55","FromTarget","target","READ","other detached geometry; not automatically StickyNoteData","target.Width, target.Height, target.Visible, target.TopMost);"
"Height","desktop-pet/Features/StickyNotes/DockWindowFacts.cs","55","FromTarget","target","READ","other detached geometry; not automatically StickyNoteData","target.Width, target.Height, target.Visible, target.TopMost);"
"X","desktop-pet/Core/Settings/PetSettingsData.cs","67","CopyFrom","source","READ","other detached geometry; not automatically StickyNoteData","X = source.X;"
"Y","desktop-pet/Core/Settings/PetSettingsData.cs","68","CopyFrom","source","READ","other detached geometry; not automatically StickyNoteData","Y = source.Y;"
"PreferredDisplayTargetKey","desktop-pet/Core/StickyNotes/StickyPlacementRules.cs","50","MigrateV10Preferred","note","READ","model / pure transform (receiver type requires method context)","if (!String.IsNullOrWhiteSpace(note.PreferredDisplayTargetKey))"
"DisplayId","desktop-pet/Core/StickyNotes/StickyPlacementRules.cs","52","MigrateV10Preferred","note","READ","model / pure transform (receiver type requires method context)","if (String.IsNullOrWhiteSpace(note.DisplayId) ||"
"LocalLogicalWidth","desktop-pet/Core/StickyNotes/StickyPlacementRules.cs","53","MigrateV10Preferred","note","READ","model / pure transform (receiver type requires method context)","note.LocalLogicalWidth <= 0 ||"
"LocalLogicalHeight","desktop-pet/Core/StickyNotes/StickyPlacementRules.cs","54","MigrateV10Preferred","note","READ","model / pure transform (receiver type requires method context)","note.LocalLogicalHeight <= 0) return false;"
"DisplayId","desktop-pet/Core/StickyNotes/StickyPlacementRules.cs","56","MigrateV10Preferred","note","READ","model / pure transform (receiver type requires method context)","topology.FindByRuntimeGdiName(note.DisplayId);"
"PreferredDisplayTargetKey","desktop-pet/Core/StickyNotes/StickyPlacementRules.cs","61","MigrateV10Preferred","note","WRITE","model / pure transform (receiver type requires method context)","note.PreferredDisplayTargetKey = key;"
"LocalLogicalX","desktop-pet/Core/StickyNotes/StickyPlacementRules.cs","62","MigrateV10Preferred","note","READ","model / pure transform (receiver type requires method context)","note.PreferredLocalLogicalX = note.LocalLogicalX;"
"PreferredLocalLogicalX","desktop-pet/Core/StickyNotes/StickyPlacementRules.cs","62","MigrateV10Preferred","note","WRITE","model / pure transform (receiver type requires method context)","note.PreferredLocalLogicalX = note.LocalLogicalX;"
"LocalLogicalY","desktop-pet/Core/StickyNotes/StickyPlacementRules.cs","63","MigrateV10Preferred","note","READ","model / pure transform (receiver type requires method context)","note.PreferredLocalLogicalY = note.LocalLogicalY;"
"PreferredLocalLogicalY","desktop-pet/Core/StickyNotes/StickyPlacementRules.cs","63","MigrateV10Preferred","note","WRITE","model / pure transform (receiver type requires method context)","note.PreferredLocalLogicalY = note.LocalLogicalY;"
"LocalLogicalWidth","desktop-pet/Core/StickyNotes/StickyPlacementRules.cs","64","MigrateV10Preferred","note","READ","model / pure transform (receiver type requires method context)","note.PreferredLocalLogicalWidth = note.LocalLogicalWidth;"
"PreferredLocalLogicalWidth","desktop-pet/Core/StickyNotes/StickyPlacementRules.cs","64","MigrateV10Preferred","note","WRITE","model / pure transform (receiver type requires method context)","note.PreferredLocalLogicalWidth = note.LocalLogicalWidth;"
"LocalLogicalHeight","desktop-pet/Core/StickyNotes/StickyPlacementRules.cs","65","MigrateV10Preferred","note","READ","model / pure transform (receiver type requires method context)","note.PreferredLocalLogicalHeight = note.LocalLogicalHeight;"
"PreferredLocalLogicalHeight","desktop-pet/Core/StickyNotes/StickyPlacementRules.cs","65","MigrateV10Preferred","note","WRITE","model / pure transform (receiver type requires method context)","note.PreferredLocalLogicalHeight = note.LocalLogicalHeight;"
"Width","desktop-pet/Features/StickyNotes/StickyAppearanceCoordinator.cs","69","CalculateAppearanceDialogLocation","note","READ","other detached geometry; not automatically StickyNoteData","new DockRect(note.Left, note.Top, note.Width, note.Height),"
"Height","desktop-pet/Features/StickyNotes/StickyAppearanceCoordinator.cs","69","CalculateAppearanceDialogLocation","note","READ","other detached geometry; not automatically StickyNoteData","new DockRect(note.Left, note.Top, note.Width, note.Height),"
"Width","desktop-pet/Features/Art/PetArtFrameRenderer.cs","25","Render","source","READ","other detached geometry; not automatically StickyNoteData","double sx = (double)canvasWidth / Math.Max(1, source.Width);"
"Height","desktop-pet/Features/Art/PetArtFrameRenderer.cs","26","Render","source","READ","other detached geometry; not automatically StickyNoteData","double sy = (double)canvasHeight / Math.Max(1, source.Height);"
"Width","desktop-pet/Features/Art/PetArtFrameRenderer.cs","41","Render","source","READ","other detached geometry; not automatically StickyNoteData","int width = Math.Max(1, (int)Math.Round(source.Width * sx));"
"Height","desktop-pet/Features/Art/PetArtFrameRenderer.cs","42","Render","source","READ","other detached geometry; not automatically StickyNoteData","int height = Math.Max(1, (int)Math.Round(source.Height * sy));"
"Width","desktop-pet/Features/Art/PetArtFrameRenderer.cs","59","Render","source","READ","other detached geometry; not automatically StickyNoteData","new Rectangle(0, 0, source.Width, source.Height),"
"Height","desktop-pet/Features/Art/PetArtFrameRenderer.cs","59","Render","source","READ","other detached geometry; not automatically StickyNoteData","new Rectangle(0, 0, source.Width, source.Height),"
